backend;bi;big_data;c_skills;cloud_skills;css_skills;data_skills;deep_learning;embarque_skills;frontend;git_skills;java_skills;machine_learning;math_skills;matlab_skills;mobile_skills;multimedia_skills;networking;nosql_skills;other_skills;php_skills;po_skills;python;r_skills;robo_skills;scrum_skills;sql_skills;sys_skills;teck_skills;virtualisation;web_scraping;bac;eng;licence;master;other;phd;prep
0.0;0.17407765595569785;0.3481553119113957;0.0;0.17407765595569785;0.0;0.5222329678670935;0.17407765595569785;0.0;0.17407765595569785;0.0;0.0;0.3481553119113957;0.3481553119113957;0.0;0.0;0.0;0.0;0.17407765595569785;0.0;0.0;0.0;0.3481553119113957;0.17407765595569785;0.0;0.0;0.17407765595569785;0.0;0.0;0.0;0.17407765595569785;1;1;0;1;0;0;1
0.0;0.0;0.3190650882719658;0.0;0.0;0.0;0.32954542182229335;0.0;0.0;0.0;0.0;0.0;0.4613502755952674;0.0;0.0;0.0;0.0;0.0;0.0;0.7238755390123016;0.0;0.0;0.22968981612119885;0.0;0.0;0.0;0.0;0.0;0.0;0.0;0.0;1;0;0;1;0;0;0
0.0;0.0;0.0;0.4219623568393166;0.0;0.0;0.0;0.3461328439389392;0.0;0.0;0.0;0.3255527392341785;0.2470794485467591;0.0;0.0;0.0;0.0;0.0;0.0;0.3101413888003013;0.6151353237150036;0.0;0.24602405636718108;0.0;0.0;0.0;0.0;0.0;0.0;0.0;0.0;0;1;0;0;0;0;0
0.0;0.0;0.0;0.49483423434246304;0.0;0.0;0.0;0.0;0.0;0.0;0.0;0.19088745458683312;0.1448747355797326;0.0;0.0;0.0;0.0;0.0;0.0;0.0;0.7213677049477395;0.0;0.14425590765272941;0.2814943926310886;0.0;0.0;0.2780146497538276;0.0;0.0;0.0;0.0;1;1;0;0;0;0;0
0.0;0.0;0.3472711950798343;0.0;0.0;0.0;0.0;0.3517195030356354;0.0;0.0;0.0;0.0;0.2510673643802358;0.7938285821250212;0.0;0.0;0.0;0.0;0.0;0.0;0.0;0.0;0.24999493794221087;0.0;0.0;0.0;0.0;0.0;0.0;0.0;0.0;0;1;0;1;0;0;1
0.0;0.0;0.0;0.0;0.0;0.0;0.0;0.0;0.0;0.0;0.0;0.6490220910763277;0.49257770257141775;0.0;0.0;0.0;0.0;0.0;0.0;0.30914900787195615;0.0;0.0;0.49047367223548316;0.0;0.0;0.0;0.0;0.0;0.0;0.0;0.0;1;1;1;0;0;0;0
0.0;0.0;0.0;0.0;0.0;0.0;0.0;0.570140467933482;0.0;0.0;0.0;0.0;0.0;0.6434016245409576;0.0;0.0;0.0;0.0;0.0;0.5108563363242612;0.0;0.0;0.0;0.0;0.0;0.0;0.0;0.0;0.0;0.0;0.0;2;0;0;0;0;0;0
0.0;0.0;0.0;0.0;0.0;0.0;0.0;0.0;0.0;0.5984335762174383;0.0;0.0;0.34046146118552795;0.0;0.0;0.0;0.0;0.0;0.0;0.21367861840819322;0.0;0.6044657318907724;0.3390071906434156;0.0;0.0;0.0;0.0;0.0;0.0;0.0;0.0;1;1;0;0;0;0;0
0.0;0.0;0.0;0.0;0.0;0.0;0.0;0.6582287041349805;0.0;0.0;0.0;0.0;0.0;0.0;0.0;0.0;0.0;0.0;0.0;0.5897850146941217;0.0;0.0;0.46785532966403093;0.0;0.0;0.0;0.0;0.0;0.0;0.0;0.0;0;1;0;0;0;0;0
0.0;0.0;0.0;0.0;0.0;0.0;0.27499288572220393;0.0;0.0;0.0;0.5091483332984352;0.25362478685386314;0.19248946459813054;0.0;0.0;0.0;0.0;0.0;0.5091483332984352;0.36242765372243885;0.0;0.0;0.19166725183708183;0.0;0.0;0.0;0.369387325315247;0.0;0.0;0.0;0.0;0;1;1;0;0;0;0
0.0;0.0;0.5924183841146766;0.0;0.0;0.0;0.0;0.6000068609263347;0.0;0.0;0.0;0.0;0.0;0.0;0.0;0.0;0.0;0.0;0.0;0.5376171732787945;0.0;0.0;0.0;0.0;0.0;0.0;0.0;0.0;0.0;0.0;0.0;0;1;1;1;0;0;0
0.0;0.0;0.0;0.0;0.0;0.0;0.0;0.0;0.0;0.0;0.0;0.7965635348105932;0.6045548238249802;0.0;0.0;0.0;0.0;0.0;0.0;0.0;0.0;0.0;0.0;0.0;0.0;0.0;0.0;0.0;0.0;0.0;0.0;1;1;1;0;0;0;0
0.0;0.0;0.0;0.0;0.0;0.0;0.0;0.3583547901869192;0.0;0.0;0.0;0.33704800225089665;0.5116076413661174;0.0;0.0;0.0;0.0;0.0;0.0;0.1605462386161451;0.636855744048778;0.0;0.2547111626192538;0.0;0.0;0.0;0.0;0.0;0.0;0.0;0.0;0;1;1;0;0;0;0
0.0;0.0;0.0;0.0;0.0;0.0;0.0;0.37635028332905907;0.0;0.0;0.0;0.0;0.8059485434017155;0.4247100448211249;0.0;0.0;0.0;0.0;0.0;0.16860838488885493;0.0;0.0;0.0;0.0;0.0;0.0;0.0;0.0;0.0;0.0;0.0;1;1;0;0;1;0;0
0.0;0.0;0.0;0.0;0.0;0.0;0.0;0.7045122330786756;0.0;0.0;0.0;0.0;0.5029008286605489;0.0;0.0;0.0;0.0;0.0;0.0;0.0;0.0;0.0;0.5007527034126038;0.0;0.0;0.0;0.0;0.0;0.0;0.0;0.0;1;1;0;0;0;0;1
0.0;0.0;0.9106398853812036;0.0;0.0;0.0;0.0;0.0;0.0;0.0;0.0;0.0;0.0;0.0;0.0;0.0;0.0;0.0;0.0;0.41320091862544156;0.0;0.0;0.0;0.0;0.0;0.0;0.0;0.0;0.0;0.0;0.0;0;1;0;0;0;0;0
0.0;0.0;0.0;0.0;0.0;0.0;0.34337309085635737;0.0;0.0;0.42247377716995393;0.0;0.0;0.4807084535497033;0.0;0.0;0.0;0.0;0.0;0.0;0.30169969268758445;0.0;0.0;0.2393275611708984;0.0;0.0;0.5694118234297243;0.0;0.0;0.0;0.0;0.0;0;0;1;1;0;0;0
0.0;0.0;0.0;0.0;0.0;0.0;0.0;0.0;0.0;0.0;0.0;0.0;0.0;0.4416131020473593;0.6342553490563382;0.0;0.0;0.0;0.0;0.1753188387934703;0.0;0.0;0.278148311932184;0.542765917893632;0.0;0.0;0.0;0.0;0.0;0.0;0.0;0;1;0;1;0;0;0
0.0;0.43940638149031475;0.0;0.0;0.0;0.0;0.6294666000638387;0.3086273350829675;0.0;0.0;0.0;0.0;0.4406139035578349;0.3482849226434756;0.0;0.0;0.0;0.0;0.0;0.0;0.0;0.0;0.0;0.0;0.0;0.0;0.0;0.0;0.0;0.0;0.0;1;0;0;1;0;0;0
0.0;0.0;0.0;0.0;0.0;0.0;0.0;0.0;0.0;0.0;0.0;0.5422051614051997;0.0;0.0;0.0;0.0;0.0;0.0;0.0;0.25826884788080084;0.0;0.0;0.0;0.7995691121847348;0.0;0.0;0.0;0.0;0.0;0.0;0.0;0;1;0;0;0;0;1
0.0;0.0;0.4102431893582536;0.0;0.0;0.0;0.0;0.0;0.0;0.0;0.0;0.0;0.0;0.0;0.0;0.0;0.0;0.0;0.0;0.7445879119678641;0.0;0.5265827256343532;0.0;0.0;0.0;0.0;0.0;0.0;0.0;0.0;0.0;1;0;0;1;0;0;0
0.0;0.0;0.0;0.0;0.0;0.0;0.0;0.0;0.0;0.0;0.0;0.9028114474003653;0.0;0.0;0.0;0.0;0.0;0.0;0.0;0.4300366152350953;0.0;0.0;0.0;0.0;0.0;0.0;0.0;0.0;0.0;0.0;0.0;0;1;0;0;1;0;0
0.0;0.0;0.417985399528791;0.0;0.0;0.0;0.43171496934777004;0.0;0.0;0.0;0.0;0.0;0.0;0.0;0.0;0.0;0.0;0.0;0.0;0.0;0.0;0.0;0.0;0.0;0.7993187042862258;0.0;0.0;0.0;0.0;0.0;0.0;1;1;0;0;0;0;0
0.0;0.0;0.0;0.0;0.0;0.0;0.0;0.0;0.0;0.0;0.0;0.9028114474003653;0.0;0.0;0.0;0.0;0.0;0.0;0.0;0.4300366152350953;0.0;0.0;0.0;0.0;0.0;0.0;0.0;0.0;0.0;0.0;0.0;1;1;0;0;0;0;0
0.0;0.0;0.0;0.4582641659314429;0.0;0.0;0.0;0.7518219407877605;0.0;0.0;0.0;0.3535603403804539;0.0;0.0;0.0;0.0;0.0;0.0;0.0;0.168411568657428;0.0;0.0;0.2671897318866988;0.0;0.0;0.0;0.0;0.0;0.0;0.0;0.0;0;1;0;1;0;0;0
0.0;0.0;0.1635796241539374;0.4039408635663951;0.0;0.0;0.16895272539937728;0.3313499358963667;0.0;0.20787329573385938;0.0;0.1558243910756431;0.2365269891918167;0.0;0.0;0.0;0.3029647831226999;0.0;0.0;0.22267172365457172;0.0;0.0;0.11775833575708058;0.0;0.3128153599952401;0.2801724480015401;0.0;0.4655219492985302;0.0;0.0;0.0;0;0;0;0;1;0;0
0.0;0.5834971515198804;0.0;0.0;0.0;0.0;0.41794109460634826;0.0;0.0;0.5142195401291736;0.0;0.0;0.2925503229767258;0.0;0.0;0.0;0.0;0.0;0.0;0.36721776738467854;0.0;0.0;0.0;0.0;0.0;0.0;0.0;0.0;0.0;0.0;0.0;1;0;0;0;0;0;0
0.0;0.0;0.0;0.0;0.0;0.0;0.0;0.0;0.0;0.0;0.0;0.6824529981775834;0.5179502124462448;0.0;0.0;0.0;0.0;0.0;0.0;0.0;0.0;0.0;0.5157378042235388;0.0;0.0;0.0;0.0;0.0;0.0;0.0;0.0;0;1;0;1;0;0;0
0.0;0.0;0.0;0.4307123542906143;0.0;0.0;0.36030039386505575;0.3533104071816942;0.0;0.0;0.0;0.0;0.0;0.3987096211077067;0.0;0.0;0.0;0.0;0.0;0.6331452347253168;0.0;0.0;0.0;0.0;0.0;0.0;0.0;0.0;0.0;0.0;0.0;0;0;0;2;0;1;2
0.0;0.0;0.0;0.0;0.0;0.0;0.0;0.0;0.0;0.0;0.0;0.0;0.0;0.0;0.0;0.0;0.0;0.0;0.0;0.7834363658685516;0.0;0.0;0.6214720111434441;0.0;0.0;0.0;0.0;0.0;0.0;0.0;0.0;0;1;0;0;0;0;0
0.0;0.0;0.6534717637109655;0.0;0.0;0.0;0.0;0.0;0.0;0.0;0.0;0.0;0.0;0.0;0.0;0.0;0.0;0.0;0.0;0.5930228565557003;0.0;0.0;0.4704237936531245;0.0;0.0;0.0;0.0;0.0;0.0;0.0;0.0;0;1;1;0;0;0;0
0.0;0.0;0.0;0.0;0.0;0.0;0.0;0.0;0.0;0.0;0.0;0.9028114474003653;0.0;0.0;0.0;0.0;0.0;0.0;0.0;0.4300366152350953;0.0;0.0;0.0;0.0;0.0;0.0;0.0;0.0;0.0;0.0;0.0;0;1;1;0;0;0;0
0.0;0.0;0.9106398853812036;0.0;0.0;0.0;0.0;0.0;0.0;0.0;0.0;0.0;0.0;0.0;0.0;0.0;0.0;0.0;0.0;0.41320091862544156;0.0;0.0;0.0;0.0;0.0;0.0;0.0;0.0;0.0;0.0;0.0;0;1;0;2;0;0;0
0.0;0.49187948987963476;0.0;0.0;0.0;0.0;0.0;0.0;0.0;0.0;0.0;0.0;0.24661560601467902;0.0;0.0;0.0;0.0;0.0;0.0;0.4643387400232062;0.0;0.4378489191295461;0.24556219512404995;0.47917885717378056;0.0;0.0;0.0;0.0;0.0;0.0;0.0;0;0;1;1;0;0;0
0.0;0.0;0.0;0.0;0.0;0.0;0.0;0.0;0.0;0.0;0.0;0.0;0.0;0.0;0.0;0.0;0.0;0.0;0.0;0.7834363658685516;0.0;0.0;0.6214720111434441;0.0;0.0;0.0;0.0;0.0;0.0;0.0;0.0;0;1;0;0;0;0;0
0.0;0.0;0.0;0.0;0.0;0.0;0.7512217590196368;0.0;0.0;0.0;0.0;0.0;0.0;0.0;0.0;0.0;0.0;0.0;0.0;0.6600498987011837;0.0;0.0;0.0;0.0;0.0;0.0;0.0;0.0;0.0;0.0;0.0;1;1;0;0;0;0;0
0.0;0.0;0.8921299948744542;0.0;0.0;0.0;0.0;0.4517787868473976;0.0;0.0;0.0;0.0;0.0;0.0;0.0;0.0;0.0;0.0;0.0;0.0;0.0;0.0;0.0;0.0;0.0;0.0;0.0;0.0;0.0;0.0;0.0;1;1;1;0;0;0;0
0.0;0.0;0.0;0.0;0.0;0.0;0.665514885554616;0.0;0.0;0.0;0.0;0.0;0.0;0.0;0.0;0.0;0.0;0.0;0.0;0.5847448207140811;0.0;0.0;0.4638571242885934;0.0;0.0;0.0;0.0;0.0;0.0;0.0;0.0;0;1;0;1;1;0;0
0.0;0.0;0.0;0.0;0.0;0.0;0.0;0.0;0.0;0.0;0.0;0.0;0.31274344919331276;0.0;0.0;0.0;0.0;0.0;0.0;0.3925647731590048;0.0;0.0;0.6228151505546289;0.0;0.0;0.0;0.6001547484615145;0.0;0.0;0.0;0.0;1;1;0;0;0;0;0
0.0;0.0;0.0;0.5241969931220842;0.0;0.0;0.4385023582521384;0.0;0.0;0.5395173719836157;0.0;0.0;0.0;0.0;0.0;0.0;0.0;0.0;0.0;0.38528361787905613;0.0;0.0;0.30563169556019054;0.0;0.0;0.0;0.0;0.0;0.0;0.0;0.0;0;0;1;1;0;0;0
0.3793393300060921;0.0;0.0;0.0;0.0;0.0;0.0;0.0;0.0;0.26027618100386474;0.0;0.0;0.1480765993386828;0.0;0.0;0.0;0.3793393300060921;0.0;0.0;0.5576103043515627;0.0;0.0;0.2948881895004411;0.0;0.0;0.0;0.28415902701837914;0.0;0.0;0.3793393300060921;0.0;1;0;0;1;1;0;0
0.0;0.6416609976902223;0.4449856253654337;0.0;0.0;0.0;0.22980103591106904;0.0;0.0;0.0;0.0;0.0;0.0;0.2542985950567042;0.0;0.0;0.0;0.0;0.4254757868266097;0.10095564236083536;0.0;0.28558882822599496;0.0;0.0;0.0;0.0;0.0;0.0;0.0;0.0;0.0;0;0;1;1;0;0;0
0.0;0.0;0.0;0.0;0.0;0.0;0.0;0.0;0.0;0.0;0.0;0.0;0.2662604697496803;0.0;0.6045543566908391;0.0;0.0;0.0;0.0;0.16710898530105533;0.0;0.0;0.0;0.0;0.0;0.0;0.5109539005854289;0.5240420694591157;0.0;0.0;0.0;0;0;0;1;0;0;1
0.0;0.0;0.0;0.46573157774963525;0.0;0.0;0.0;0.3820364373877961;0.0;0.0;0.0;0.0;0.2727084526286586;0.4311268507918394;0.0;0.0;0.0;0.0;0.0;0.17115583415232363;0.0;0.0;0.27154358695528136;0.0;0.0;0.0;0.5233275811622694;0.0;0.0;0.0;0.0;0;1;0;0;0;0;0
0.0;0.0;0.5273672028027315;0.0;0.0;0.0;0.0;0.0;0.0;0.0;0.0;0.0;0.3812717425003261;0.0;0.0;0.0;0.0;0.0;0.0;0.0;0.0;0.0;0.7592863042217921;0.0;0.0;0.0;0.0;0.0;0.0;0.0;0.0;0;0;1;1;0;0;0
0.0;0.0;0.594540435604523;0.0;0.0;0.0;0.0;0.0;0.0;0.0;0.0;0.0;0.4298361116601946;0.6795311527399085;0.0;0.0;0.0;0.0;0.0;0.0;0.0;0.0;0.0;0.0;0.0;0.0;0.0;0.0;0.0;0.0;0.0;0;1;0;2;1;0;0
0.0;0.0;0.717763418008759;0.0;0.0;0.0;0.3706698994198458;0.0;0.0;0.0;0.0;0.0;0.0;0.0;0.0;0.0;0.0;0.0;0.0;0.16284181510060053;0.0;0.0;0.25835315984246543;0.5041385617929066;0.0;0.0;0.0;0.0;0.0;0.0;0.0;0;0;0;0;1;0;0
0.0;0.0;0.5001136082757898;0.0;0.0;0.0;0.0;0.0;0.0;0.0;0.0;0.4764034572232623;0.7231363113294016;0.0;0.0;0.0;0.0;0.0;0.0;0.0;0.0;0.0;0.0;0.0;0.0;0.0;0.0;0.0;0.0;0.0;0.0;0;1;0;0;0;0;0
0.6302269138471724;0.0;0.0;0.0;0.0;0.0;0.0;0.3446368342733284;0.0;0.0;0.0;0.0;0.24601155438510316;0.0;0.0;0.0;0.0;0.0;0.0;0.1544004683244173;0.0;0.0;0.24496072368222208;0.0;0.0;0.5828143305273431;0.0;0.0;0.0;0.0;0.0;0;1;0;0;0;0;0
0.0;0.5829149243770564;0.40424579815897616;0.0;0.0;0.0;0.41752406317997787;0.0;0.0;0.0;0.0;0.0;0.0;0.0;0.0;0.0;0.0;0.0;0.0;0.0;0.0;0.0;0.0;0.5678637004378646;0.0;0.0;0.0;0.0;0.0;0.0;0.0;0;0;0;1;1;0;0
0.0;0.0;0.0;0.0;0.0;0.0;0.43306003771940316;0.0;0.0;0.0;0.0;0.0;0.0;0.4792256863884006;0.0;0.0;0.0;0.0;0.0;0.38050180335731065;0.0;0.0;0.30183845335544623;0.5889937783660044;0.0;0.0;0.0;0.0;0.0;0.0;0.0;0;1;0;0;1;0;0
0.0;0.0;0.0;0.0;0.0;0.0;0.0;0.3660352548152558;0.0;0.0;0.0;0.0;0.26128635433504305;0.0;0.0;0.0;0.0;0.7889815642537265;0.0;0.32797431467758065;0.0;0.0;0.2601702777992665;0.0;0.0;0.0;0.0;0.0;0.0;0.0;0.0;0;1;0;0;0;0;1
0.0;0.0;0.0;0.5858214199690155;0.0;0.0;0.0;0.0;0.4536652636788979;0.0;0.0;0.0;0.0;0.0;0.38942768852620213;0.0;0.0;0.0;0.0;0.4305774338238936;0.0;0.0;0.0;0.0;0.0;0.0;0.0;0.337565166045628;0.0;0.0;0.0;0;1;0;1;1;1;0
0.0;0.0;0.0;0.0;0.0;0.0;0.0;0.39326462166957754;0.0;0.0;0.0;0.0;0.2807234492668088;0.44379781946334634;0.0;0.0;0.0;0.0;0.0;0.5285584916299244;0.0;0.0;0.0;0.0;0.0;0.0;0.5387083614909906;0.0;0.0;0.0;0.0;0;0;0;2;0;0;0
0.0;0.0;0.0;0.0;0.0;0.0;0.0;0.0;0.0;0.0;0.8950938064743953;0.4458778729777671;0.0;0.0;0.0;0.0;0.0;0.0;0.0;0.0;0.0;0.0;0.0;0.0;0.0;0.0;0.0;0.0;0.0;0.0;0.0;1;1;0;0;0;0;0
0.0;0.0;0.0;0.0;0.0;0.0;0.3856935286392493;0.0;0.0;0.0;0.0;0.0;0.26997767826521724;0.4268097489925171;0.0;0.0;0.0;0.0;0.0;0.3388839200295102;0.0;0.0;0.2688244770095984;0.0;0.0;0.6395913403691615;0.0;0.0;0.0;0.0;0.0;0;1;0;0;0;0;0
0.0;0.0;0.0;0.0;0.0;0.0;0.48456947036752146;0.0;0.0;0.0;0.0;0.0;0.16959441999141248;0.0;0.0;0.0;0.0;0.5121081470712772;0.0;0.0;0.0;0.0;0.1688700027012989;0.0;0.0;0.0;0.0;0.6675764592811841;0.0;0.0;0.0;1;0;0;1;0;0;0
0.0;0.0;0.9106398853812036;0.0;0.0;0.0;0.0;0.0;0.0;0.0;0.0;0.0;0.0;0.0;0.0;0.0;0.0;0.0;0.0;0.41320091862544156;0.0;0.0;0.0;0.0;0.0;0.0;0.0;0.0;0.0;0.0;0.0;0;0;1;1;0;0;0
0.0;0.0;0.0;0.0;0.0;0.0;0.44438888257409587;0.0;0.0;0.0;0.0;0.0;0.31106324025582743;0.0;0.0;0.0;0.0;0.0;0.0;0.7809114509935192;0.0;0.0;0.3097345433000462;0.0;0.0;0.0;0.0;0.0;0.0;0.0;0.0;0;1;0;0;0;0;0
0.0;0.0;0.0;0.0;0.0;0.0;0.0;0.0;0.0;0.0;0.0;0.5959485631098864;0.0;0.0;0.0;0.0;0.0;0.0;0.0;0.0;0.0;0.8030226087273394;0.0;0.0;0.0;0.0;0.0;0.0;0.0;0.0;0.0;1;1;1;0;0;0;0
0.0;0.0;0.3249509575390958;0.0;0.0;0.0;0.0;0.0;0.0;0.0;0.0;0.0;0.23493045670954418;0.0;0.0;0.0;0.0;0.0;0.0;0.294891617024142;0.0;0.4171027462664382;0.23392695857072987;0.0;0.0;0.5565626264582757;0.0;0.4623797247439227;0.0;0.0;0.0;0;1;1;0;1;0;0
0.0;0.0;0.0;0.0;0.0;0.0;0.0;0.0;0.0;0.0;0.0;0.0;0.11359256163904762;0.0;0.0;0.0;0.0;0.0;0.0;0.3564618084519777;0.0;0.0;0.11310735454506549;0.0;0.0;0.0;0.21798415101395963;0.8942714047256374;0.0;0.0;0.0;0;2;0;0;1;0;0
0.0;0.0;0.0;0.0;0.0;0.0;0.0;0.570140467933482;0.0;0.0;0.0;0.0;0.0;0.6434016245409576;0.0;0.0;0.0;0.0;0.0;0.5108563363242612;0.0;0.0;0.0;0.0;0.0;0.0;0.0;0.0;0.0;0.0;0.0;0;1;0;0;0;0;0
0.0;0.0;0.0;0.0;0.0;0.0;0.0;0.0;0.0;0.7512053489465773;0.0;0.0;0.427376539213114;0.0;0.0;0.0;0.0;0.0;0.0;0.268227799179213;0.0;0.0;0.4255510136185186;0.0;0.0;0.0;0.0;0.0;0.0;0.0;0.0;1;1;0;0;0;0;1
0.0;0.0;0.0;0.0;0.0;0.0;0.0;0.0;0.0;0.7797799851309007;0.0;0.0;0.44363325136093773;0.0;0.0;0.0;0.0;0.0;0.0;0.0;0.0;0.0;0.4417382857260339;0.0;0.0;0.0;0.0;0.0;0.0;0.0;0.0;1;0;1;0;0;0;0
0.0;0.0;0.36996732957669803;0.0;0.0;0.0;0.0;0.0;0.0;0.0;0.0;0.0;0.0;0.0;0.0;0.0;0.0;0.0;0.7074931488967282;0.16787189194826424;0.0;0.0;0.26633351947577905;0.0;0.0;0.0;0.5132865706478535;0.0;0.0;0.0;0.0;0;1;1;1;0;0;0
0.0;0.0;0.0;0.6843112219223101;0.0;0.0;0.0;0.0;0.0;0.0;0.0;0.5279603480609297;0.0;0.0;0.0;0.0;0.0;0.0;0.0;0.5029672180436581;0.0;0.0;0.0;0.0;0.0;0.0;0.0;0.0;0.0;0.0;0.0;0;1;0;0;0;0;0
0.0;0.0;0.0;0.0;0.0;0.0;0.0;0.47806605803273705;0.0;0.0;0.3008831245441743;0.0;0.22750474768292336;0.0;0.0;0.0;0.0;0.0;0.0;0.5711412974251555;0.0;0.20195945722891312;0.11326648411462756;0.221023046266228;0.0;0.0;0.0;0.4477647729669277;0.0;0.0;0.0;0;1;0;0;2;0;0
0.0;0.0;0.0;0.0;0.0;0.0;0.0;0.4374303412390008;0.0;0.0;0.0;0.0;0.31225019348357247;0.0;0.0;0.0;0.0;0.0;0.0;0.7838912481774536;0.0;0.0;0.3109164264939966;0.0;0.0;0.0;0.0;0.0;0.0;0.0;0.0;0;1;0;0;2;0;0
0.0;0.0;0.0;0.0;0.0;0.0;0.6032677276613779;0.0;0.0;0.0;0.0;0.0;0.42227522214584073;0.0;0.0;0.0;0.0;0.0;0.0;0.5300522751793418;0.0;0.0;0.4204714866684324;0.0;0.0;0.0;0.0;0.0;0.0;0.0;0.0;0;1;0;0;0;0;0
0.0;0.0;0.0;0.0;0.0;0.0;0.0;0.4522042119729171;0.0;0.5673831179912642;0.0;0.0;0.3227962017510834;0.0;0.0;0.0;0.0;0.0;0.0;0.6077749256324566;0.0;0.0;0.0;0.0;0.0;0.0;0.0;0.0;0.0;0.0;0.0;0;1;0;0;0;0;0
0.0;0.0;0.0;0.0;0.0;0.0;0.0;0.0;0.0;0.0;0.0;0.6351718347554625;0.0;0.0;0.0;0.0;0.0;0.0;0.0;0.6051034171031575;0.0;0.0;0.4800068696836135;0.0;0.0;0.0;0.0;0.0;0.0;0.0;0.0;0;1;0;1;0;0;1
0.0;0.0;0.0;0.0;0.0;0.0;0.0;0.0;0.0;0.0;0.0;0.745772269951246;0.0;0.0;0.0;0.0;0.0;0.0;0.0;0.3552340675669392;0.0;0.0;0.5635889269774675;0.0;0.0;0.0;0.0;0.0;0.0;0.0;0.0;0;1;0;0;3;0;0
0.0;0.0;0.0;0.0;0.0;0.0;0.0;0.0;0.0;0.0;0.0;0.0;0.24437311662518182;0.3863313042675004;0.0;0.0;0.0;0.0;0.0;0.3067443213968838;0.0;0.0;0.24332928445823204;0.0;0.0;0.0;0.4689520650783893;0.0;0.0;0.0;0.6463842854590384;0;0;0;2;0;1;0
0.0;0.0;0.0;0.0;0.0;0.0;0.0;0.7045122330786756;0.0;0.0;0.0;0.0;0.5029008286605489;0.0;0.0;0.0;0.0;0.0;0.0;0.0;0.0;0.0;0.5007527034126038;0.0;0.0;0.0;0.0;0.0;0.0;0.0;0.0;0;1;1;0;0;0;0
0.0;0.0;0.0;0.0;0.0;0.0;0.0;0.5353663398104764;0.0;0.0;0.0;0.0;0.38215968905338643;0.604159136444239;0.0;0.0;0.0;0.0;0.0;0.23984903925361947;0.0;0.0;0.3805273058278727;0.0;0.0;0.0;0.0;0.0;0.0;0.0;0.0;0;0;1;0;0;0;0
0.0;0.0;0.0;0.0;0.0;0.0;0.0;0.0;0.0;0.0;0.0;0.6824529981775834;0.5179502124462448;0.0;0.0;0.0;0.0;0.0;0.0;0.0;0.0;0.0;0.5157378042235388;0.0;0.0;0.0;0.0;0.0;0.0;0.0;0.0;0;0;0;0;2;0;0
0.0;0.0;0.0;0.0;0.0;0.0;0.37201961117701904;0.36480226650475467;0.0;0.0;0.0;0.0;0.2604062122821931;0.0;0.0;0.0;0.0;0.0;0.0;0.49030430174046613;0.6483139760581512;0.0;0.0;0.0;0.0;0.0;0.0;0.0;0.0;0.0;0.0;0;1;0;0;0;0;0
0.0;0.0;0.0;0.0;0.0;0.0;0.0;0.0;0.0;0.0;0.0;0.0;0.0;0.0;0.0;0.0;0.0;0.0;0.9400606818805727;0.0;0.0;0.0;0.0;0.0;0.0;0.0;0.3410072057629175;0.0;0.0;0.0;0.0;0;1;1;0;0;0;0
0.0;0.0;0.0;0.0;0.0;0.0;0.0;0.0;0.0;0.0;0.0;0.9028114474003653;0.0;0.0;0.0;0.0;0.0;0.0;0.0;0.4300366152350953;0.0;0.0;0.0;0.0;0.0;0.0;0.0;0.0;0.0;0.0;0.0;0;1;0;0;0;0;1
0.0;0.0;0.0;0.0;0.0;0.0;0.0;0.7960854145062244;0.0;0.0;0.0;0.0;0.0;0.0;0.0;0.0;0.0;0.0;0.0;0.5349803703592898;0.0;0.0;0.28292051205363333;0.0;0.0;0.0;0.0;0.0;0.0;0.0;0.0;1;1;0;0;0;0;1
0.0;0.0;0.6627461331488911;0.0;0.0;0.0;0.3422576803882103;0.33561773031064296;0.0;0.0;0.0;0.0;0.23957346198067558;0.0;0.0;0.0;0.0;0.0;0.0;0.0;0.0;0.0;0.2385501313892566;0.46549583611603745;0.0;0.0;0.0;0.0;0.0;0.0;0.0;0;1;0;0;0;0;1
0.0;0.0;0.0;0.0;0.0;0.0;0.14857259692881256;0.0;0.0;0.0;0.0;0.0;0.1039978163859525;0.16441093275812846;0.0;0.0;0.2664192868159551;0.0;0.0;0.91378781914449;0.0;0.1846409164135053;0.0;0.0;0.0;0.0;0.0;0.0;0.0;0.0;0.0;1;0;0;1;1;0;0
0.0;0.0;0.0;0.5942076856393538;0.0;0.0;0.0;0.1624748375355243;0.0;0.0;0.306773107749984;0.15281453159541553;0.0;0.0;0.0;0.0;0.0;0.0;0.0;0.0;0.5774893283492526;0.0;0.3464512480226229;0.0;0.0;0.0;0.2225640159053446;0.0;0.0;0.0;0.0;0;1;0;0;0;0;0
0.0;0.0;0.0;0.0;0.0;0.0;0.0;0.4881687171975501;0.0;0.0;0.0;0.4591435510238176;0.0;0.0;0.0;0.0;0.0;0.0;0.0;0.6561122119946158;0.0;0.0;0.3469802132319215;0.0;0.0;0.0;0.0;0.0;0.0;0.0;0.0;0;2;0;1;1;0;0
0.0;0.0;0.0;0.0;0.0;0.0;0.0;0.0;0.748998476397698;0.4977274191101034;0.0;0.0;0.2831676080968357;0.0;0.0;0.0;0.0;0.0;0.0;0.1777201538916985;0.0;0.0;0.2819580664661863;0.0;0.0;0.0;0.0;0.0;0.0;0.0;0.0;1;1;0;0;1;0;0
0.0;0.0;0.0;0.0;0.0;0.0;0.0;0.0;0.0;0.0;0.0;0.0;0.0;0.0;0.0;0.0;0.0;0.0;0.0;0.9427932102250972;0.0;0.33337810778972204;0.0;0.0;0.0;0.0;0.0;0.0;0.0;0.0;0.0;1;0;0;1;1;0;0
0.0;0.0;0.0;0.0;0.0;0.0;0.0;0.7362620135628386;0.0;0.0;0.0;0.0;0.3941735423606406;0.0;0.0;0.0;0.0;0.0;0.0;0.0;0.0;0.0;0.26165989488959385;0.0;0.0;0.0;0.0;0.0;0.0;0.3365949968529836;0.34753902426513966;0;0;0;0;1;0;1
0.0;0.0;0.0;0.0;0.0;0.0;0.7255923433718077;0.0;0.0;0.0;0.0;0.0;0.2539499909703751;0.0;0.0;0.0;0.0;0.0;0.0;0.31876549566796897;0.0;0.0;0.2528652514825285;0.4934297079530043;0.0;0.0;0.0;0.0;0.0;0.0;0.0;0;1;0;0;0;0;1
0.0;0.5522029908785999;0.0;0.0;0.0;0.0;0.0;0.0;0.0;0.0;0.0;0.0;0.5537204865849095;0.0;0.0;0.0;0.0;0.0;0.0;0.17376155901137472;0.0;0.0;0.2756776433743898;0.0;0.0;0.0;0.5312948683681965;0.0;0.0;0.0;0.0;0;1;0;1;5;0;0
0.0;0.0;0.0;0.0;0.0;0.0;0.3768315020529838;0.0;0.0;0.0;0.0;0.0;0.2637744386855291;0.0;0.0;0.0;0.0;0.0;0.0;0.33109743131253627;0.0;0.46831323750690484;0.2626477343748361;0.0;0.0;0.6248955390610764;0.0;0.0;0.0;0.0;0.0;0;1;0;0;0;0;0
0.0;0.0;0.0;0.0;0.0;0.0;0.0;0.8097702856267992;0.0;0.0;0.0;0.38081178838196716;0.2890185070930693;0.0;0.0;0.0;0.0;0.0;0.0;0.18139226411999776;0.0;0.0;0.2877839735293375;0.0;0.0;0.0;0.0;0.0;0.0;0.0;0.0;0;1;0;0;1;0;0
0.0;0.0;0.0;0.0;0.0;0.0;0.0;0.0;0.0;0.0;0.0;0.0;0.45297414241986106;0.0;0.0;0.0;0.0;0.0;0.0;0.0;0.0;0.0;0.0;0.0;0.0;0.0;0.0;0.8915236543687395;0.0;0.0;0.0;0;1;0;0;0;0;0
0.0;0.0;0.0;0.552595348945526;0.0;0.0;0.0;0.0;0.0;0.5687457088561063;0.0;0.0;0.0;0.0;0.0;0.0;0.0;0.0;0.0;0.6092345188689964;0.0;0.0;0.0;0.0;0.0;0.0;0.0;0.0;0.0;0.0;0.0;0;2;0;0;0;0;0
0.0;0.5241814621620712;0.0;0.0;0.0;0.0;0.0;0.36817109305122653;0.0;0.0;0.0;0.0;0.5256219525818937;0.0;0.0;0.0;0.0;0.0;0.0;0.16494403249287656;0.0;0.4666026767889238;0.26168838737990585;0.0;0.0;0.0;0.0;0.0;0.0;0.0;0.0;0;1;0;0;0;0;1
0.0;0.6912260962342643;0.0;0.0;0.0;0.0;0.0;0.48549879338811114;0.0;0.0;0.0;0.0;0.3465628189898466;0.0;0.0;0.0;0.0;0.0;0.0;0.21750792026662125;0.0;0.0;0.34508248668764313;0.0;0.0;0.0;0.0;0.0;0.0;0.0;0.0;0;1;1;0;1;0;0
0.0;0.0;0.0;0.0;0.0;0.0;0.0;0.9126001428400385;0.0;0.0;0.0;0.0;0.0;0.0;0.0;0.0;0.0;0.0;0.0;0.4088532490861986;0.0;0.0;0.0;0.0;0.0;0.0;0.0;0.0;0.0;0.0;0.0;0;2;0;0;1;0;0
0.0;0.0;0.0;0.0;0.0;0.0;0.0;0.0;0.0;0.0;0.0;0.501720222270275;0.0;0.0;0.0;0.0;0.0;0.0;0.0;0.23898463715915597;0.0;0.0;0.37915590737999166;0.7398675284575122;0.0;0.0;0.0;0.0;0.0;0.0;0.0;1;1;0;0;1;0;0
0.0;0.0;0.0;0.0;0.0;0.0;0.0;0.0;0.0;0.6601437157498419;0.0;0.0;0.7511393176741531;0.0;0.0;0.0;0.0;0.0;0.0;0.0;0.0;0.0;0.0;0.0;0.0;0.0;0.0;0.0;0.0;0.0;0.0;1;1;0;0;0;0;1
0.0;0.0;0.6999819836280191;0.0;0.0;0.0;0.0;0.0;0.0;0.0;0.0;0.0;0.5060674027476841;0.0;0.0;0.0;0.0;0.0;0.0;0.0;0.0;0.0;0.5039057515770156;0.0;0.0;0.0;0.0;0.0;0.0;0.0;0.0;1;2;0;0;0;0;0
0.0;0.0;0.0;0.0;0.0;0.0;0.0;0.0;0.0;0.0;0.0;0.0;0.0;0.929436191912036;0.0;0.0;0.0;0.0;0.0;0.36898287922890555;0.0;0.0;0.0;0.0;0.0;0.0;0.0;0.0;0.0;0.0;0.0;0;1;0;0;0;0;1
0.0;0.0;0.0;0.0;0.0;0.0;0.0;0.3402315769878245;0.0;0.0;0.0;0.0;0.24286695669705222;0.0;0.0;0.0;0.0;0.0;0.0;0.7621343629220513;0.0;0.4311934520305949;0.2418295580453895;0.0;0.0;0.0;0.0;0.0;0.0;0.0;0.0;0;0;0;1;0;0;0
0.0;0.0;0.0;0.0;0.0;0.0;0.0;0.0;0.0;0.0;0.0;0.0;0.0;0.0;0.0;0.0;0.0;0.0;0.0;0.7834363658685516;0.0;0.0;0.6214720111434441;0.0;0.0;0.0;0.0;0.0;0.0;0.0;0.0;0;0;0;1;0;0;1
0.0;0.0;0.0;0.0;0.0;0.0;0.5439969874695216;0.5334432057836073;0.0;0.0;0.0;0.0;0.0;0.6019888860819336;0.0;0.0;0.0;0.0;0.0;0.23898745753956588;0.0;0.0;0.0;0.0;0.0;0.0;0.0;0.0;0.0;0.0;0.0;1;1;1;0;0;0;0
0.777322472040412;0.0;0.4196993343984903;0.0;0.0;0.0;0.0;0.0;0.0;0.0;0.0;0.0;0.30343088402521834;0.0;0.0;0.0;0.0;0.0;0.0;0.19043768376930587;0.0;0.0;0.3021347884416877;0.0;0.0;0.0;0.0;0.0;0.0;0.0;0.0;1;1;0;0;0;0;1
0.0;0.0;0.4137085414466922;0.0;0.0;0.0;0.0;0.4190078666495128;0.0;0.0;0.0;0.0;0.299099708222947;0.0;0.0;0.0;0.0;0.0;0.0;0.7508774966403124;0.0;0.0;0.0;0.0;0.0;0.0;0.0;0.0;0.0;0.0;0.0;0;1;1;0;0;0;0
0.0;0.0;0.28917705792905773;0.0;0.0;0.0;0.597351318207096;0.0;0.0;0.0;0.0;0.0;0.4181338550511716;0.33051548347702153;0.0;0.0;0.0;0.0;0.0;0.5248539094316965;0.0;0.0;0.0;0.0;0.0;0.0;0.0;0.0;0.0;0.0;0.0;0;1;0;0;0;0;0
0.0;0.0;0.0;0.0;0.0;0.0;0.0;0.0;0.0;0.7282431092965683;0.0;0.5459000332897832;0.41431283761944915;0.0;0.0;0.0;0.0;0.0;0.0;0.0;0.0;0.0;0.0;0.0;0.0;0.0;0.0;0.0;0.0;0.0;0.0;0;1;0;0;0;0;0
0.0;0.0;0.0;0.0;0.0;0.0;0.7180810369927317;0.0;0.0;0.0;0.0;0.0;0.2513211096094198;0.39731543881025017;0.0;0.0;0.0;0.0;0.0;0.15773282324277832;0.0;0.0;0.0;0.488321740997689;0.0;0.0;0.0;0.0;0.0;0.0;0.0;0;1;0;1;1;0;0
0.0;0.0;0.0;0.0;0.0;0.0;0.0;0.0;0.0;0.0;0.0;0.0;0.0;0.0;0.0;0.0;0.0;0.0;0.0;1.0;0.0;0.0;0.0;0.0;0.0;0.0;0.0;0.0;0.0;0.0;0.0;0;1;1;0;0;0;0
0.0;0.0;0.0;0.0;0.0;0.0;0.0;0.0;0.0;0.0;0.0;0.0;0.0;0.0;0.0;0.0;0.0;0.0;0.0;1.0;0.0;0.0;0.0;0.0;0.0;0.0;0.0;0.0;0.0;0.0;0.0;0;1;0;0;0;0;1
0.0;0.0;0.0;0.0;0.0;0.0;0.0;0.0;0.0;0.0;0.0;0.0;0.0;0.0;0.8170564390962363;0.0;0.0;0.0;0.0;0.4516962650585578;0.0;0.0;0.35831447007276657;0.0;0.0;0.0;0.0;0.0;0.0;0.0;0.0;0;1;0;0;2;0;0
0.0;0.0;0.0;0.0;0.0;0.0;0.0;0.0;0.0;0.0;0.0;0.9354479270809568;0.0;0.0;0.0;0.0;0.0;0.0;0.0;0.0;0.0;0.0;0.35346453247807025;0.0;0.0;0.0;0.0;0.0;0.0;0.0;0.0;0;1;0;0;0;0;1
0.0;0.0;0.0;0.0;0.0;0.0;0.6333882846831269;0.0;0.0;0.0;0.0;0.0;0.0;0.0;0.0;0.0;0.0;0.0;0.0;0.41738794316461575;0.0;0.0;0.22073260468573627;0.43072752791149815;0.0;0.0;0.0;0.43629978186434804;0.0;0.0;0.0;0;0;0;3;0;0;0
0.0;0.9538888859753699;0.0;0.0;0.0;0.0;0.0;0.0;0.0;0.0;0.0;0.0;0.0;0.0;0.0;0.0;0.0;0.0;0.0;0.3001599460498814;0.0;0.0;0.0;0.0;0.0;0.0;0.0;0.0;0.0;0.0;0.0;0;1;1;2;1;0;0
0.0;0.0;0.0;0.0;0.0;0.0;0.0;0.0;0.0;0.0;0.0;0.0;0.4060097408910404;0.6418638633820256;0.0;0.0;0.0;0.0;0.0;0.509635364847302;0.0;0.0;0.40427548291090815;0.0;0.0;0.0;0.0;0.0;0.0;0.0;0.0;0;1;0;0;1;0;0
0.0;0.0;0.0;0.0;0.0;0.0;0.0;0.5555037792441695;0.0;0.0;0.0;0.0;0.1982671824484571;0.0;0.0;0.0;0.0;0.0;0.0;0.4977415942908763;0.0;0.0;0.19742029034531455;0.0;0.0;0.46970539856577254;0.38047476715324047;0.0;0.0;0.0;0.0;0;1;0;0;0;0;0
0.0;0.0;0.9752168315974119;0.0;0.0;0.0;0.0;0.0;0.0;0.0;0.0;0.0;0.0;0.0;0.0;0.0;0.0;0.0;0.0;0.22125128557616364;0.0;0.0;0.0;0.0;0.0;0.0;0.0;0.0;0.0;0.0;0.0;0;1;0;1;1;0;0
0.0;0.5200532199032326;0.0;0.0;0.0;0.0;0.7449963085981152;0.0;0.0;0.0;0.0;0.0;0.0;0.0;0.0;0.0;0.0;0.0;0.0;0.32728999933699193;0.0;0.0;0.2596274349475685;0.0;0.0;0.0;0.0;0.0;0.0;0.0;0.0;1;1;0;1;0;0;1
0.0;0.0;0.0;0.0;0.0;0.0;0.0;0.0;0.0;0.0;0.0;0.0;0.0;0.0;0.0;0.0;0.0;0.0;0.0;1.0;0.0;0.0;0.0;0.0;0.0;0.0;0.0;0.0;0.0;0.0;0.0;0;0;0;0;1;0;0
0.0;0.0;0.0;0.0;0.0;0.0;0.0;0.0;0.0;0.0;0.0;0.0;0.0;0.0;0.0;0.0;0.0;0.0;0.0;1.0;0.0;0.0;0.0;0.0;0.0;0.0;0.0;0.0;0.0;0.0;0.0;0;2;0;1;0;0;0
0.0;0.0;0.0;0.5344590299689451;0.0;0.0;0.0;0.0;0.0;0.0;0.0;0.0;0.0;0.0;0.0;0.0;0.0;0.0;0.0;0.7856523840326881;0.0;0.0;0.3116149494944167;0.0;0.0;0.0;0.0;0.0;0.0;0.0;0.0;0;0;0;1;0;0;0
0.0;0.0;0.0;0.0;0.0;0.0;0.0;0.0;0.0;0.0;0.0;0.745772269951246;0.0;0.0;0.0;0.0;0.0;0.0;0.0;0.3552340675669392;0.0;0.0;0.5635889269774675;0.0;0.0;0.0;0.0;0.0;0.0;0.0;0.0;0;0;0;0;1;0;0
0.0;0.0;0.7405277433480503;0.0;0.0;0.0;0.0;0.0;0.0;0.0;0.0;0.0;0.0;0.0;0.0;0.0;0.0;0.0;0.0;0.672025789186579;0.0;0.0;0.0;0.0;0.0;0.0;0.0;0.0;0.0;0.0;0.0;1;1;0;0;0;0;0
0.0;0.0;0.0;0.0;0.0;0.0;0.0;0.0;0.0;0.0;0.0;0.0;0.0;0.0;0.0;0.0;0.0;0.0;0.0;1.0;0.0;0.0;0.0;0.0;0.0;0.0;0.0;0.0;0.0;0.0;0.0;0;1;0;0;0;0;0
0.0;0.0;0.0;0.0;0.0;0.0;0.0;0.0;0.0;0.0;0.0;0.9028114474003653;0.0;0.0;0.0;0.0;0.0;0.0;0.0;0.4300366152350953;0.0;0.0;0.0;0.0;0.0;0.0;0.0;0.0;0.0;0.0;0.0;0;1;0;0;0;0;0
0.0;0.0;0.0;0.0;0.0;0.0;0.0;0.0;0.0;0.0;0.0;0.0;0.42499059452623067;0.0;0.0;0.0;0.0;0.0;0.0;0.8001910356487223;0.0;0.0;0.42317526042015546;0.0;0.0;0.0;0.0;0.0;0.0;0.0;0.0;0;1;0;0;0;0;0
0.0;0.0;0.19593721076438983;0.0;0.0;0.0;0.40474632384095793;0.0;0.0;0.0;0.0;0.0;0.283314250001766;0.0;0.0;0.0;0.36289406380489747;0.0;0.0;0.5334365655213619;0.0;0.25150240923903183;0.14105204099739035;0.0;0.0;0.0;0.0;0.278803282398177;0.0;0.0;0.37469317733635676;1;1;0;0;1;0;0
0.0;0.0;0.0;0.0;0.0;0.0;0.0;0.0;0.0;0.0;0.0;0.0;0.4438328339076582;0.0;0.0;0.0;0.0;0.0;0.0;0.2785560116653015;0.0;0.0;0.0;0.0;0.0;0.0;0.8517153068429718;0.0;0.0;0.0;0.0;0;1;0;0;0;0;0
0.0;0.0;0.0;0.0;0.0;0.0;0.0;0.3345830084548941;0.6317351711867696;0.0;0.0;0.0;0.0;0.0;0.0;0.0;0.0;0.0;0.0;0.2997925239636876;0.0;0.0;0.0;0.0;0.6317351711867696;0.0;0.0;0.0;0.0;0.0;0.0;0;1;0;0;2;0;0
0.0;0.0;0.0;0.0;0.0;0.0;0.0;0.0;0.0;0.0;0.0;0.0;0.0;0.0;0.0;0.0;0.0;0.0;0.0;1.0;0.0;0.0;0.0;0.0;0.0;0.0;0.0;0.0;0.0;0.0;0.0;0;0;0;0;1;0;0
0.0;0.0;0.0;0.0;0.0;0.0;0.0;0.0;0.0;0.0;0.0;0.9028114474003653;0.0;0.0;0.0;0.0;0.0;0.0;0.0;0.4300366152350953;0.0;0.0;0.0;0.0;0.0;0.0;0.0;0.0;0.0;0.0;0.0;0;0;0;0;1;0;0
0.0;0.0;0.0;0.0;0.0;0.0;0.0;0.0;0.0;0.0;0.0;0.0;0.0;0.0;0.0;0.0;0.0;0.0;0.0;1.0;0.0;0.0;0.0;0.0;0.0;0.0;0.0;0.0;0.0;0.0;0.0;0;0;0;0;1;0;0
0.0;0.0;0.2527932553048587;0.0;0.0;0.0;0.7832902722556186;0.0;0.0;0.32124396538569155;0.0;0.0;0.3655249110304136;0.0;0.0;0.0;0.0;0.0;0.0;0.22940880800659783;0.0;0.0;0.18198179137091755;0.0;0.0;0.0;0.0;0.0;0.0;0.0;0.0;1;0;0;1;0;0;0
0.0;0.7081750920773918;0.4911124992022929;0.0;0.0;0.0;0.5072440754591969;0.0;0.0;0.0;0.0;0.0;0.0;0.0;0.0;0.0;0.0;0.0;0.0;0.0;0.0;0.0;0.0;0.0;0.0;0.0;0.0;0.0;0.0;0.0;0.0;1;1;0;1;0;0;0
0.0;0.0;0.0;0.0;0.0;0.0;0.0;0.0;0.0;0.0;0.0;0.0;0.6844849155083442;0.0;0.0;0.0;0.0;0.0;0.0;0.2147963980383824;0.0;0.6076277678833685;0.34078057974061104;0.0;0.0;0.0;0.0;0.0;0.0;0.0;0.0;0;1;0;0;0;0;0
0.0;0.0;0.0;0.0;0.0;0.0;0.0;0.0;0.6599749648032269;0.0;0.0;0.0;0.4990224628651795;0.3944541887420093;0.0;0.0;0.0;0.0;0.0;0.313193834181365;0.0;0.0;0.24844545196805043;0.0;0.0;0.0;0.0;0.0;0.0;0.0;0.0;0;1;0;0;0;0;0
0.0;0.0;0.0;0.0;0.0;0.0;0.0;0.0;0.0;0.0;0.0;0.0;0.294353231333095;0.0;0.0;0.0;0.0;0.0;0.0;0.5542212464479367;0.0;0.0;0.0;0.0;0.7785852459361539;0.0;0.0;0.0;0.0;0.0;0.0;0;1;0;0;0;0;1
0.0;0.0;0.5191136699887877;0.0;0.4671840584916941;0.0;0.0;0.5257631632404389;0.0;0.0;0.0;0.0;0.0;0.0;0.0;0.0;0.0;0.0;0.0;0.35332009187243124;0.0;0.3331637164828515;0.0;0.0;0.0;0.0;0.0;0.0;0.0;0.0;0.0;0;2;0;0;0;0;0
0.7557599035298351;0.0;0.0;0.0;0.0;0.0;0.0;0.0;0.0;0.25927485747844237;0.0;0.19435563690455157;0.29501385060555607;0.0;0.0;0.47772966684172113;0.0;0.0;0.0;0.09257751492513995;0.0;0.0;0.0;0.0;0.0;0.0;0.0;0.0;0.0;0.0;0.0;0;0;0;0;1;0;0
0.0;0.0;0.0;0.0;0.0;0.0;0.0;0.0;0.0;0.0;0.0;0.44102316356325616;0.0;0.0;0.0;0.0;0.0;0.0;0.0;0.0;0.833317904565851;0.0;0.3332864220616204;0.0;0.0;0.0;0.0;0.0;0.0;0.0;0.0;0;1;0;0;0;0;0
0.0;0.0;0.0;0.7917469355123037;0.0;0.0;0.0;0.0;0.0;0.0;0.0;0.6108492368063302;0.0;0.0;0.0;0.0;0.0;0.0;0.0;0.0;0.0;0.0;0.0;0.0;0.0;0.0;0.0;0.0;0.0;0.0;0.0;0;0;0;0;1;0;0
0.0;0.0;0.0;0.0;0.0;0.0;0.0;0.3437719427386885;0.0;0.43133255194153997;0.0;0.0;0.490788340517649;0.0;0.0;0.0;0.6286453129604362;0.0;0.0;0.0;0.0;0.0;0.24434597669303637;0.0;0.0;0.0;0.0;0.0;0.0;0.0;0.0;0;1;0;0;0;0;0
0.0;0.6945857954895847;0.0;0.0;0.0;0.0;0.0;0.0;0.0;0.0;0.0;0.0;0.0;0.0;0.0;0.0;0.0;0.0;0.0;0.2185651158813805;0.0;0.0;0.0;0.0;0.0;0.0;0.0;0.6854048896994095;0.0;0.0;0.0;0;0;0;0;1;0;0
0.0;0.8939353308027281;0.0;0.0;0.0;0.0;0.0;0.0;0.0;0.0;0.0;0.0;0.4481959664506332;0.0;0.0;0.0;0.0;0.0;0.0;0.0;0.0;0.0;0.0;0.0;0.0;0.0;0.0;0.0;0.0;0.0;0.0;0;1;1;0;1;0;0
0.0;0.0;0.9409048195675919;0.0;0.0;0.0;0.0;0.0;0.0;0.0;0.0;0.0;0.0;0.0;0.0;0.0;0.0;0.0;0.0;0.0;0.0;0.0;0.3386711096543036;0.0;0.0;0.0;0.0;0.0;0.0;0.0;0.0;0;0;0;0;1;0;0
0.0;0.0;0.0;0.0;0.0;0.0;0.0;0.0;0.0;0.0;0.0;0.3013457968595506;0.6861225018572159;0.0;0.0;0.0;0.0;0.0;0.0;0.1435401897815494;0.0;0.0;0.22773058364364607;0.0;0.6049476162041456;0.0;0.0;0.0;0.0;0.0;0.0;0;1;0;0;0;0;1
0.0;0.0;0.0;0.0;0.0;0.0;0.0;0.0;0.0;0.0;0.0;0.0;0.0;0.0;0.0;0.0;0.0;0.0;0.0;1.0;0.0;0.0;0.0;0.0;0.0;0.0;0.0;0.0;0.0;0.0;0.0;0;0;0;0;1;0;0
0.0;0.0;0.0;0.0;0.0;0.0;0.0;0.0;0.0;0.0;0.0;0.0;0.4060097408910404;0.6418638633820256;0.0;0.0;0.0;0.0;0.0;0.509635364847302;0.0;0.0;0.40427548291090815;0.0;0.0;0.0;0.0;0.0;0.0;0.0;0.0;0;1;0;0;0;0;0
0.0;0.0;0.0;0.0;0.0;0.0;0.0;0.0;0.0;0.0;0.0;0.9028114474003653;0.0;0.0;0.0;0.0;0.0;0.0;0.0;0.4300366152350953;0.0;0.0;0.0;0.0;0.0;0.0;0.0;0.0;0.0;0.0;0.0;0;0;1;1;1;0;0
0.0;0.0;0.0;0.0;0.0;0.0;0.0;0.0;0.0;0.0;0.0;0.0;0.0;0.0;0.0;0.0;0.0;0.0;0.0;1.0;0.0;0.0;0.0;0.0;0.0;0.0;0.0;0.0;0.0;0.0;0.0;0;0;0;0;1;0;0
0.0;0.0;0.0;0.0;0.0;0.0;0.0;0.0;0.0;0.0;0.0;0.9028114474003653;0.0;0.0;0.0;0.0;0.0;0.0;0.0;0.4300366152350953;0.0;0.0;0.0;0.0;0.0;0.0;0.0;0.0;0.0;0.0;0.0;0;0;1;2;0;0;0
0.0;0.0;0.9106398853812036;0.0;0.0;0.0;0.0;0.0;0.0;0.0;0.0;0.0;0.0;0.0;0.0;0.0;0.0;0.0;0.0;0.41320091862544156;0.0;0.0;0.0;0.0;0.0;0.0;0.0;0.0;0.0;0.0;0.0;0;1;0;0;0;0;0
0.0;0.6136504381638764;0.0;0.0;0.0;0.0;0.4395389680375116;0.0;0.0;0.0;0.0;0.0;0.30766839805821194;0.0;0.0;0.0;0.0;0.0;0.0;0.5792916296254381;0.0;0.0;0.0;0.0;0.0;0.0;0.0;0.0;0.0;0.0;0.0;0;1;0;0;0;0;0
0.0;0.0;0.0;0.0;0.0;0.0;0.0;0.0;0.0;0.0;0.0;0.0;0.0;0.0;0.0;0.0;0.0;0.0;0.0;1.0;0.0;0.0;0.0;0.0;0.0;0.0;0.0;0.0;0.0;0.0;0.0;0;0;0;0;1;0;0
0.0;0.0;0.0;0.0;0.0;0.0;0.0;0.0;0.0;0.0;0.0;0.0;0.0;0.0;0.0;0.0;0.0;0.0;0.0;1.0;0.0;0.0;0.0;0.0;0.0;0.0;0.0;0.0;0.0;0.0;0.0;0;0;0;0;1;0;0
0.0;0.0;0.0;0.0;0.0;0.0;0.0;0.0;0.0;0.0;0.0;0.0;0.0;0.0;0.0;0.0;0.0;0.0;0.0;1.0;0.0;0.0;0.0;0.0;0.0;0.0;0.0;0.0;0.0;0.0;0.0;0;0;0;0;1;0;0
0.0;0.0;0.0;0.0;0.0;0.0;0.3567009575660186;0.0;0.0;0.0;0.0;0.0;0.24968346422199628;0.0;0.0;0.0;0.0;0.0;0.0;0.783525064607159;0.0;0.443295688787897;0.0;0.0;0.0;0.0;0.0;0.0;0.0;0.0;0.0;1;1;0;0;1;0;0
0.0;0.0;0.0;0.0;0.0;0.0;0.0;0.0;0.0;0.0;0.0;0.0;0.0;0.0;0.0;0.0;0.0;0.0;0.0;1.0;0.0;0.0;0.0;0.0;0.0;0.0;0.0;0.0;0.0;0.0;0.0;0;1;0;1;0;1;0
0.0;0.0;0.0;0.0;0.0;0.0;0.0;0.0;0.0;0.0;0.0;0.0;0.0;0.0;0.0;0.0;0.0;0.0;0.0;1.0;0.0;0.0;0.0;0.0;0.0;0.0;0.0;0.0;0.0;0.0;0.0;0;0;0;0;1;0;0
0.0;0.0;0.0;0.0;0.0;0.0;0.0;0.0;0.0;0.0;0.0;0.0;0.0;0.0;0.0;0.0;0.0;0.0;0.0;1.0;0.0;0.0;0.0;0.0;0.0;0.0;0.0;0.0;0.0;0.0;0.0;0;0;0;0;1;0;0
0.0;0.0;0.0;0.221563229228232;0.0;0.0;0.0;0.18174680608836094;0.0;0.0;0.0;0.0;0.2594720576783448;0.0;0.2945705065728563;0.0;0.0;0.0;0.0;0.6513939123350798;0.0;0.0;0.1291818654271537;0.0;0.0;0.0;0.24896346815642326;0.5106814173369725;0.0;0.0;0.0;0;1;0;0;1;0;0
0.0;0.0;0.0;0.0;0.0;0.0;0.0;0.0;0.8328730472147573;0.5534640794335299;0.0;0.0;0.0;0.0;0.0;0.0;0.0;0.0;0.0;0.0;0.0;0.0;0.0;0.0;0.0;0.0;0.0;0.0;0.0;0.0;0.0;0;1;0;0;0;0;0
0.0;0.0;0.0;0.0;0.0;0.0;0.527163730192043;0.0;0.0;0.0;0.0;0.4862009006375133;0.3690039613705772;0.0;0.0;0.0;0.0;0.0;0.0;0.46318462229619817;0.0;0.0;0.3674277724266793;0.0;0.0;0.0;0.0;0.0;0.0;0.0;0.0;0;1;1;1;0;0;0
0.0;0.0;0.3864523082664992;0.0;0.0;0.0;0.39914611038023795;0.0;0.0;0.49109487430853066;0.0;0.0;0.2793942137147975;0.0;0.0;0.0;0.0;0.0;0.0;0.0;0.0;0.0;0.2782007900208874;0.5428683212402012;0.0;0.0;0.0;0.0;0.0;0.0;0.0;1;1;1;0;0;0;0
0.0;0.0;0.0;0.0;0.0;0.0;0.0;0.0;0.0;0.0;0.0;0.0;0.0;0.0;0.0;0.0;0.0;0.0;0.0;1.0;0.0;0.0;0.0;0.0;0.0;0.0;0.0;0.0;0.0;0.0;0.0;0;0;0;2;0;1;0
0.0;0.0;0.0;0.0;0.0;0.0;0.0;0.0;0.0;0.4760835742688464;0.0;0.0;0.0;0.0;0.0;0.0;0.0;0.0;0.0;0.509975799016525;0.0;0.0;0.0;0.0;0.0;0.0;0.0;0.0;0.0;0.0;0.7164280248069981;1;2;0;0;3;0;1
0.0;0.0;0.0;0.0;0.0;0.0;0.0;0.0;0.0;0.0;0.0;0.0;0.0;0.0;0.0;0.0;0.0;0.0;0.0;1.0;0.0;0.0;0.0;0.0;0.0;0.0;0.0;0.0;0.0;0.0;0.0;0;0;0;0;1;0;0
0.0;0.0;0.9106398853812036;0.0;0.0;0.0;0.0;0.0;0.0;0.0;0.0;0.0;0.0;0.0;0.0;0.0;0.0;0.0;0.0;0.41320091862544156;0.0;0.0;0.0;0.0;0.0;0.0;0.0;0.0;0.0;0.0;0.0;0;1;0;1;1;1;0
0.0;0.0;0.0;0.0;0.0;0.0;0.0;0.0;0.0;0.0;0.0;0.9028114474003653;0.0;0.0;0.0;0.0;0.0;0.0;0.0;0.4300366152350953;0.0;0.0;0.0;0.0;0.0;0.0;0.0;0.0;0.0;0.0;0.0;0;1;0;1;1;0;0
0.0;0.0;0.0;0.0;0.0;0.0;0.0;0.0;0.0;0.0;0.0;0.0;0.0;0.0;0.0;0.0;0.0;0.0;0.0;1.0;0.0;0.0;0.0;0.0;0.0;0.0;0.0;0.0;0.0;0.0;0.0;0;0;0;0;1;0;0
0.0;0.0;0.0;0.0;0.0;0.0;0.0;0.0;0.0;0.0;0.0;0.0;0.0;0.0;0.0;0.0;0.0;0.0;0.0;1.0;0.0;0.0;0.0;0.0;0.0;0.0;0.0;0.0;0.0;0.0;0.0;0;0;0;0;1;0;0
0.0;0.7727331740435811;0.0;0.0;0.4822757739417507;0.0;0.0;0.2713735966082345;0.0;0.0;0.0;0.0;0.19371417585538797;0.0;0.0;0.0;0.0;0.0;0.0;0.24315572939578614;0.0;0.0;0.0;0.0;0.0;0.0;0.0;0.0;0.0;0.0;0.0;0;1;0;0;1;0;1
0.0;0.0;0.0;0.2313141212133469;0.0;0.0;0.3869987389471743;0.5692361888762121;0.0;0.0;0.0;0.0;0.0;0.21412704954269157;0.0;0.0;0.0;0.0;0.0;0.5950537666169483;0.0;0.0;0.2697341953542473;0.0;0.0;0.0;0.0;0.0;0.0;0.0;0.0;0;0;0;0;1;0;0
0.0;0.0;0.0;0.0;0.0;0.0;0.5868797471762002;0.0;0.0;0.0;0.0;0.0;0.0;0.6494430914223427;0.0;0.0;0.0;0.0;0.0;0.2578266091353335;0.0;0.0;0.409049230508952;0.0;0.0;0.0;0.0;0.0;0.0;0.0;0.0;0;0;0;2;0;0;0
0.0;0.0;0.4744483410863588;0.0;0.0;0.0;0.490032549606052;0.0;0.0;0.0;0.0;0.0;0.343012885084647;0.0;0.0;0.0;0.0;0.0;0.0;0.6458397886727798;0.0;0.0;0.0;0.0;0.0;0.0;0.0;0.0;0.0;0.0;0.0;0;0;1;1;3;0;0
0.0;0.0;0.0;0.2106373625632021;0.0;0.0;0.0;0.5183531765007335;0.0;0.0;0.0;0.0;0.12333840339525395;0.0;0.0;0.0;0.0;0.0;0.0;0.7740899525720105;0.0;0.0;0.1228115672413342;0.23964888572809423;0.0;0.0;0.0;0.0;0.0;0.0;0.0;0;1;0;0;0;0;0
0.0;0.0;0.0;0.0;0.0;0.0;0.24320920601959745;0.7154725201991049;0.0;0.0;0.0;0.2243108321716016;0.17024153090033453;0.0;0.0;0.0;0.0;0.0;0.45030096528680985;0.10684608763591098;0.0;0.0;0.16951434949610053;0.0;0.0;0.0;0.3266935356079653;0.0;0.0;0.0;0.0;1;1;0;0;0;0;0
0.0;0.0;0.0;0.0;0.0;0.0;0.0;0.0;0.0;0.0;0.0;0.0;0.5294729881523131;0.0;0.0;0.0;0.0;0.0;0.0;0.6646100630531694;0.0;0.0;0.5272113607515705;0.0;0.0;0.0;0.0;0.0;0.0;0.0;0.0;0;0;1;1;1;1;0
0.0;0.0;0.0;0.0;0.0;0.0;0.33665762896618995;0.0;0.0;0.0;0.0;0.0;0.0;0.3725464583821729;0.5350601757634164;0.0;0.0;0.0;0.0;0.44369887698561555;0.0;0.0;0.23464695235469324;0.45787935073569663;0.0;0.0;0.0;0.0;0.0;0.0;0.0;0;1;0;0;0;0;0
0.0;0.0;0.0;0.0;0.0;0.0;0.0;0.0;0.0;0.8691804425476655;0.0;0.0;0.49449505386064735;0.0;0.0;0.0;0.0;0.0;0.0;0.0;0.0;0.0;0.0;0.0;0.0;0.0;0.0;0.0;0.0;0.0;0.0;0;0;1;1;0;0;0
0.0;0.0;0.3534366731868512;0.8727707727753327;0.0;0.0;0.0;0.0;0.0;0.0;0.0;0.3366804066704204;0.0;0.0;0.0;0.0;0.0;0.0;0.0;0.0;0.0;0.0;0.0;0.0;0.0;0.0;0.0;0.0;0.0;0.0;0.0;0;1;1;1;1;0;0
0.0;0.0;0.0;0.0;0.0;0.0;0.0;0.8677300070005571;0.0;0.0;0.0;0.0;0.3097051542080686;0.0;0.0;0.0;0.0;0.0;0.0;0.3887510159572184;0.0;0.0;0.0;0.0;0.0;0.0;0.0;0.0;0.0;0.0;0.0;1;0;0;1;0;0;0
0.0;0.0;0.0;0.0;0.0;0.0;0.0;0.0;0.0;0.0;0.0;0.9028114474003653;0.0;0.0;0.0;0.0;0.0;0.0;0.0;0.4300366152350953;0.0;0.0;0.0;0.0;0.0;0.0;0.0;0.0;0.0;0.0;0.0;0;0;0;0;1;0;0
0.0;0.0;0.0;0.0;0.0;0.0;0.4053920903568745;0.19876365242868638;0.0;0.0;0.0;0.0;0.1418831367585649;0.22430412164188163;0.0;0.0;0.0;0.0;0.0;0.8014314829989819;0.0;0.25190367745320025;0.14127708735287892;0.0;0.0;0.0;0.0;0.0;0.0;0.0;0.0;0;0;0;1;0;0;0
0.0;0.0;0.9106398853812036;0.0;0.0;0.0;0.0;0.0;0.0;0.0;0.0;0.0;0.0;0.0;0.0;0.0;0.0;0.0;0.0;0.41320091862544156;0.0;0.0;0.0;0.0;0.0;0.0;0.0;0.0;0.0;0.0;0.0;0;1;0;0;0;0;1
0.0;0.0;0.0;0.0;0.0;0.0;0.18121167235638397;0.0;0.0;0.0;0.0;0.0;0.253689019621032;0.0;0.0;0.0;0.0;0.0;0.0;0.8757042710812538;0.0;0.0;0.12630269743209357;0.24646131780546623;0.0;0.0;0.24341464249823244;0.0;0.0;0.0;0.0;0;1;0;1;1;0;0
0.0;0.0;0.0;0.0;0.0;0.0;0.0;0.0;0.0;0.0;0.0;0.0;0.0;0.0;0.0;0.0;0.0;0.0;0.0;1.0;0.0;0.0;0.0;0.0;0.0;0.0;0.0;0.0;0.0;0.0;0.0;0;0;0;0;1;0;0
0.0;0.0;0.0;0.0;0.0;0.0;0.0;0.0;0.0;0.0;0.0;0.0;0.0;0.0;0.0;0.0;0.0;0.0;0.0;1.0;0.0;0.0;0.0;0.0;0.0;0.0;0.0;0.0;0.0;0.0;0.0;0;1;0;0;1;0;1
0.0;0.0;0.0;0.0;0.0;0.0;0.0;0.0;0.0;0.0;0.0;0.0;0.0;0.0;0.0;0.0;0.0;0.0;0.0;1.0;0.0;0.0;0.0;0.0;0.0;0.0;0.0;0.0;0.0;0.0;0.0;0;0;0;0;1;0;0
0.0;0.0;0.0;0.0;0.0;0.0;0.0;0.0;0.0;0.0;0.0;0.0;0.0;0.0;0.0;0.0;0.0;0.0;0.0;1.0;0.0;0.0;0.0;0.0;0.0;0.0;0.0;0.0;0.0;0.0;0.0;0;0;0;0;1;0;0
0.0;0.0;0.652850961884527;0.0;0.0;0.0;0.0;0.0;0.0;0.0;0.0;0.0;0.47199299180506094;0.0;0.0;0.0;0.0;0.0;0.0;0.5924594815287842;0.0;0.0;0.0;0.0;0.0;0.0;0.0;0.0;0.0;0.0;0.0;0;0;0;1;1;0;0
0.0;0.0;0.0;0.0;0.0;0.0;0.0;0.0;0.0;0.0;0.0;0.0;0.0;0.0;0.0;0.0;0.0;0.0;0.0;1.0;0.0;0.0;0.0;0.0;0.0;0.0;0.0;0.0;0.0;0.0;0.0;0;0;0;0;1;0;1
0.0;0.0;0.9409048195675919;0.0;0.0;0.0;0.0;0.0;0.0;0.0;0.0;0.0;0.0;0.0;0.0;0.0;0.0;0.0;0.0;0.0;0.0;0.0;0.3386711096543036;0.0;0.0;0.0;0.0;0.0;0.0;0.0;0.0;0;0;0;0;1;0;0
0.0;0.0;0.0;0.0;0.0;0.0;0.0;0.0;0.0;0.0;0.0;0.6345436197940405;0.48158921355227197;0.0;0.0;0.0;0.0;0.0;0.0;0.6045049412277622;0.0;0.0;0.0;0.0;0.0;0.0;0.0;0.0;0.0;0.0;0.0;1;1;1;0;0;0;0
0.0;0.0;0.22934458002267868;0.0;0.41280412319090876;0.0;0.0;0.0;0.0;0.2914459178800144;0.0;0.0;0.0;0.0;0.0;0.0;0.0;0.0;0.0;0.6243877036473126;0.0;0.2943836660560479;0.33020293570257797;0.0;0.0;0.0;0.0;0.32633934851426993;0.0;0.0;0.0;0;1;0;0;2;0;0
0.0;0.0;0.0;0.0;0.0;0.7811272843803732;0.0;0.0;0.0;0.4546944732133216;0.0;0.34084459556863306;0.258685259142183;0.0;0.0;0.0;0.0;0.0;0.0;0.0;0.0;0.0;0.0;0.0;0.0;0.0;0.0;0.0;0.0;0.0;0.0;0;1;1;1;0;0;0
0.0;0.0;0.4081402759048554;0.0;0.0;0.0;0.0;0.0;0.0;0.0;0.7804917513173103;0.0;0.2950740079242601;0.0;0.0;0.0;0.0;0.0;0.0;0.3703855709358289;0.0;0.0;0.0;0.0;0.0;0.0;0.0;0.0;0.0;0.0;0.0;0;0;0;2;0;0;0
0.0;0.0;0.0;0.6950070758093883;0.0;0.0;0.0;0.0;0.0;0.0;0.0;0.5362124219128938;0.0;0.0;0.0;0.0;0.0;0.0;0.0;0.25541432336776143;0.0;0.0;0.4052220706967733;0.0;0.0;0.0;0.0;0.0;0.0;0.0;0.0;0;2;0;0;0;0;0
0.0;0.0;0.0;0.0;0.0;0.0;0.0;0.0;0.0;0.0;0.0;0.0;0.3013706670917708;0.4764391619398484;0.0;0.0;0.0;0.0;0.0;0.5674339839994417;0.0;0.0;0.6001667433215851;0.0;0.0;0.0;0.0;0.0;0.0;0.0;0.0;0;2;0;0;0;0;0
0.0;0.0;0.0;0.0;0.0;0.0;0.0;0.32508734914299026;0.0;0.0;0.0;0.30575855154198567;0.4641131540232993;0.0;0.0;0.0;0.0;0.0;0.0;0.14564211936270552;0.0;0.0;0.2310653545605789;0.0;0.0;0.5497542540778362;0.0;0.45672348194649554;0.0;0.0;0.0;0;1;0;1;1;0;0
0.0;0.0;0.0;0.0;0.0;0.0;0.0;0.4189533282032002;0.0;0.0;0.0;0.0;0.2990607771319643;0.4727874394704935;0.0;0.0;0.0;0.0;0.0;0.3753898808700469;0.0;0.530961686234401;0.2977833483241051;0.0;0.0;0.0;0.0;0.0;0.0;0.0;0.0;0;0;0;3;0;0;0
0.0;0.6831823294479709;0.0;0.0;0.0;0.0;0.0;0.0;0.0;0.0;0.0;0.0;0.3425298831560554;0.0;0.0;0.0;0.0;0.0;0.0;0.6449303713387541;0.0;0.0;0.0;0.0;0.0;0.0;0.0;0.0;0.0;0.0;0.0;0;1;0;1;0;0;1
0.0;0.0;0.0;0.0;0.0;0.0;0.0;0.4602411562963013;0.0;0.0;0.0;0.0;0.32853320072761827;0.0;0.0;0.0;0.0;0.0;0.0;0.8247690671155836;0.0;0.0;0.0;0.0;0.0;0.0;0.0;0.0;0.0;0.0;0.0;0;2;0;0;0;0;1
0.0;0.0;0.0;0.0;0.0;0.0;0.0;0.0;0.0;0.0;0.0;0.9028114474003653;0.0;0.0;0.0;0.0;0.0;0.0;0.0;0.4300366152350953;0.0;0.0;0.0;0.0;0.0;0.0;0.0;0.0;0.0;0.0;0.0;0;0;0;0;1;0;0
0.0;0.0;0.5694463637981476;0.0;0.0;0.0;0.29407548657137117;0.0;0.0;0.0;0.0;0.0;0.20584689968576653;0.0;0.0;0.0;0.0;0.0;0.0;0.5167701621828582;0.0;0.0;0.20496763105619606;0.0;0.0;0.4876621479480957;0.0;0.0;0.0;0.0;0.0;0;1;0;1;1;0;0
0.0;0.0;0.0;0.0;0.0;0.0;0.0;0.0;0.0;0.0;0.0;0.9028114474003653;0.0;0.0;0.0;0.0;0.0;0.0;0.0;0.4300366152350953;0.0;0.0;0.0;0.0;0.0;0.0;0.0;0.0;0.0;0.0;0.0;0;1;0;0;0;0;0
0.0;0.0;0.5507622232082879;0.0;0.0;0.0;0.0;0.0;0.0;0.0;0.0;0.0;0.7963713762629527;0.0;0.0;0.0;0.0;0.0;0.0;0.2499071918847367;0.0;0.0;0.0;0.0;0.0;0.0;0.0;0.0;0.0;0.0;0.0;0;0;0;1;0;0;0
0.0;0.0;0.5461128365761835;0.0;0.0;0.0;0.5640510093622809;0.0;0.0;0.0;0.0;0.0;0.1974121557963889;0.0;0.0;0.0;0.0;0.0;0.0;0.12389877127552094;0.0;0.0;0.19656891591299686;0.38357560875971264;0.0;0.0;0.37883397081802234;0.0;0.0;0.0;0.0;0;1;0;0;0;0;0
0.0;0.9538888859753699;0.0;0.0;0.0;0.0;0.0;0.0;0.0;0.0;0.0;0.0;0.0;0.0;0.0;0.0;0.0;0.0;0.0;0.3001599460498814;0.0;0.0;0.0;0.0;0.0;0.0;0.0;0.0;0.0;0.0;0.0;1;0;0;1;0;1;0
0.0;0.0;0.0;0.0;0.0;0.0;0.45867855632047183;0.0;0.0;0.0;0.0;0.0;0.0;0.5075752247699723;0.0;0.0;0.0;0.0;0.0;0.20150556809671613;0.0;0.0;0.31969430094767914;0.6238368642033544;0.0;0.0;0.0;0.0;0.0;0.0;0.0;0;1;0;1;0;0;0
0.0;0.0;0.0;0.0;0.0;0.0;0.42980974572081926;0.4214712469289118;0.0;0.0;0.0;0.0;0.3008581389863167;0.47562890239007344;0.0;0.0;0.0;0.0;0.0;0.5664689734773628;0.0;0.0;0.0;0.0;0.0;0.0;0.0;0.0;0.0;0.0;0.0;0;0;0;2;1;0;0
0.0;0.0;0.4444095287608435;0.0;0.799905913798635;0.0;0.0;0.0;0.0;0.0;0.0;0.0;0.0;0.0;0.0;0.0;0.0;0.0;0.0;0.4032997642158195;0.0;0.0;0.0;0.0;0.0;0.0;0.0;0.0;0.0;0.0;0.0;0;0;0;1;0;0;0
0.0;0.0;0.0;0.0;0.0;0.0;0.8072403024804938;0.0;0.0;0.0;0.0;0.0;0.0;0.29776493968660794;0.0;0.0;0.0;0.0;0.0;0.35463488209866606;0.0;0.0;0.0;0.3659688991478602;0.0;0.0;0.0;0.0;0.0;0.0;0.0;0;1;0;1;0;0;0
0.0;0.0;0.0;0.0;0.0;0.0;0.0;0.0;0.0;0.0;0.0;0.745772269951246;0.0;0.0;0.0;0.0;0.0;0.0;0.0;0.3552340675669392;0.0;0.0;0.5635889269774675;0.0;0.0;0.0;0.0;0.0;0.0;0.0;0.0;2;0;0;1;1;0;0
0.0;0.0;0.0;0.2720583717794696;0.0;0.0;0.0;0.0;0.0;0.28000965227668934;0.0;0.20989869529552393;0.15930338662270277;0.0;0.0;0.0;0.0;0.0;0.0;0.5998868848665856;0.0;0.5656642478844174;0.0;0.0;0.0;0.0;0.0;0.31353387333872906;0.0;0.0;0.0;2;0;0;0;0;0;0
0.0;0.0;0.0;0.0;0.0;0.0;0.0;0.0;0.0;0.0;0.0;0.9028114474003653;0.0;0.0;0.0;0.0;0.0;0.0;0.0;0.4300366152350953;0.0;0.0;0.0;0.0;0.0;0.0;0.0;0.0;0.0;0.0;0.0;0;0;0;0;1;0;0
0.0;0.0;0.0;0.16320081489854263;0.0;0.0;0.0;0.0;0.0;0.16797058341603208;0.0;0.0;0.0;0.0;0.21697709897631773;0.0;0.24480860418350728;0.0;0.0;0.8996417553411508;0.0;0.16966371152243045;0.0;0.0;0.0;0.0;0.0;0.0;0.0;0.0;0.0;0;1;0;0;0;0;0
0.0;0.0;0.0;0.0;0.0;0.0;0.0;0.0;0.0;0.0;0.0;0.0;0.0;0.0;0.0;0.0;0.0;0.0;0.0;0.24444436596838706;0.9696633188619197;0.0;0.0;0.0;0.0;0.0;0.0;0.0;0.0;0.0;0.0;1;1;0;0;0;0;0
0.0;0.0;0.0;0.0;0.0;0.0;0.0;0.0;0.0;0.0;0.0;0.0;0.0;0.0;0.0;0.0;0.0;0.0;0.0;0.5474016392089945;0.0;0.0;0.0;0.0;0.0;0.0;0.8368700289718264;0.0;0.0;0.0;0.0;0;1;2;0;0;0;0
0.5207326976934588;0.0;0.0;0.0;0.0;0.0;0.0;0.0;0.0;0.7145808892387551;0.0;0.2678293321583767;0.0;0.0;0.0;0.0;0.0;0.0;0.0;0.3827258276145484;0.0;0.0;0.0;0.0;0.0;0.0;0.0;0.0;0.0;0.0;0.0;0;1;0;0;0;0;0
0.0;0.0;0.0;0.0;0.0;0.0;0.0;0.0;0.0;0.0;0.0;0.0;0.0;0.0;0.0;0.0;0.0;0.0;0.0;1.0;0.0;0.0;0.0;0.0;0.0;0.0;0.0;0.0;0.0;0.0;0.0;0;0;0;0;1;0;0
0.0;0.0;0.0;0.0;0.0;0.0;0.0;0.0;0.0;0.0;0.0;0.0;0.0;0.0;0.0;0.0;0.0;0.0;0.0;1.0;0.0;0.0;0.0;0.0;0.0;0.0;0.0;0.0;0.0;0.0;0.0;0;0;0;0;1;0;0
0.0;0.0;0.0;0.0;0.0;0.0;0.0;0.0;0.0;0.0;0.0;0.0;0.0;0.0;0.0;0.0;0.0;0.0;0.0;1.0;0.0;0.0;0.0;0.0;0.0;0.0;0.0;0.0;0.0;0.0;0.0;0;0;0;0;1;0;0
0.0;0.0;0.0;0.0;0.0;0.0;0.0;0.0;0.0;0.0;0.0;0.0;0.0;0.0;0.0;0.0;0.0;0.0;0.0;1.0;0.0;0.0;0.0;0.0;0.0;0.0;0.0;0.0;0.0;0.0;0.0;0;0;0;0;1;0;0
0.0;0.0;0.0;0.0;0.0;0.0;0.0;0.0;0.0;0.0;0.0;0.0;0.0;0.0;0.0;0.0;0.0;0.0;0.0;1.0;0.0;0.0;0.0;0.0;0.0;0.0;0.0;0.0;0.0;0.0;0.0;0;0;0;0;1;0;0
0.0;0.0;0.0;0.0;0.0;0.0;0.0;0.0;0.0;0.0;0.0;0.0;0.0;0.0;0.0;0.0;0.0;0.0;0.0;1.0;0.0;0.0;0.0;0.0;0.0;0.0;0.0;0.0;0.0;0.0;0.0;0;0;0;0;1;0;0
0.0;0.0;0.0;0.0;0.0;0.0;0.0;0.0;0.0;0.0;0.0;0.0;0.0;0.0;0.0;0.0;0.0;0.0;0.0;1.0;0.0;0.0;0.0;0.0;0.0;0.0;0.0;0.0;0.0;0.0;0.0;0;0;0;0;1;0;0
0.0;0.0;0.0;0.0;0.0;0.0;0.0;0.0;0.0;0.0;0.0;0.0;0.0;0.0;0.0;0.0;0.0;0.0;0.0;1.0;0.0;0.0;0.0;0.0;0.0;0.0;0.0;0.0;0.0;0.0;0.0;0;0;0;0;1;0;0
0.0;0.0;0.0;0.0;0.0;0.0;0.0;0.0;0.0;0.8309116072762093;0.0;0.0;0.0;0.0;0.0;0.0;0.0;0.0;0.0;0.29668797226310756;0.0;0.0;0.4707038856946818;0.0;0.0;0.0;0.0;0.0;0.0;0.0;0.0;2;0;0;0;1;0;0
0.0;0.0;0.5065983665534382;0.0;0.0;0.0;0.0;0.0;0.0;0.0;0.0;0.0;0.0;0.0;0.0;0.0;0.0;0.0;0.0;0.45973587099449825;0.0;0.0;0.7293840030644478;0.0;0.0;0.0;0.0;0.0;0.0;0.0;0.0;0;1;0;0;0;0;0
0.0;0.0;0.0;0.0;0.0;0.0;0.45004257898064903;0.0;0.0;0.0;0.0;0.0;0.3150207135244165;0.4980186233571382;0.0;0.0;0.0;0.0;0.0;0.5931348934601987;0.0;0.0;0.31367511234465745;0.0;0.0;0.0;0.0;0.0;0.0;0.0;0.0;0;0;0;2;2;0;0
0.0;0.0;0.0;0.0;0.0;0.0;0.0;0.0;0.0;0.0;0.0;0.0;0.0;0.0;0.0;0.0;0.0;0.0;0.0;1.0;0.0;0.0;0.0;0.0;0.0;0.0;0.0;0.0;0.0;0.0;0.0;0;3;0;0;0;0;0
0.0;0.0;0.0;0.38623330223636826;0.0;0.0;0.0;0.0;0.0;0.0;0.0;0.2979870300951836;0.2261583522325796;0.0;0.0;0.0;0.0;0.0;0.0;0.28388061355465566;0.0;0.0;0.22519232386520066;0.43943002032346;0.0;0.0;0.43399792816353144;0.4451148570452296;0.0;0.0;0.0;0;1;0;1;1;0;0
0.0;0.0;0.5446363723408942;0.0;0.0;0.0;0.0;0.0;0.0;0.0;0.0;0.0;0.0;0.0;0.0;0.0;0.0;0.0;0.0;0.7413828000973611;0.0;0.0;0.3920749490124906;0.0;0.0;0.0;0.0;0.0;0.0;0.0;0.0;0;1;0;1;0;0;0
0.0;0.0;0.20114044781625903;0.49669295066096664;0.0;0.0;0.0;0.20371692023012786;0.0;0.25560474300639663;0.0;0.0;0.14541891990747774;0.2298938679052633;0.6603581948006942;0.0;0.0;0.0;0.0;0.27380115612535333;0.0;0.0;0.14479776751404433;0.0;0.0;0.0;0.0;0.0;0.0;0.0;0.0;0;1;0;1;1;0;0
0.0;0.0;0.0;0.35614176490606014;0.5191822831896494;0.0;0.2979204494349601;0.0;0.0;0.0;0.0;0.0;0.20853829601432314;0.0;0.0;0.0;0.0;0.0;0.0;0.6544085022483233;0.0;0.0;0.2076475311690455;0.0;0.0;0.0;0.0;0.0;0.0;0.0;0.0;0;0;0;2;0;0;0
0.0;0.0;0.0;0.0;0.5493776496928995;0.0;0.0;0.0;0.0;0.0;0.0;0.0;0.22066677281717192;0.3488537664382902;0.0;0.0;0.0;0.0;0.0;0.6924685540028492;0.0;0.0;0.21972420156046182;0.0;0.0;0.0;0.0;0.0;0.0;0.0;0.0;0;0;0;1;0;0;0
0.0;0.0;0.0;0.0;0.0;0.0;0.0;0.6595364504960569;0.0;0.0;0.0;0.0;0.23539791923617592;0.3721423469826809;0.0;0.0;0.0;0.0;0.0;0.44321758459886107;0.0;0.41793269358942753;0.0;0.0;0.0;0.0;0.0;0.0;0.0;0.0;0.0;0;1;0;0;0;0;0
0.0;0.0;0.22351704972405576;0.5519493674981323;0.0;0.0;0.4617178321496757;0.22638015119815333;0.0;0.0;0.0;0.2129202114775545;0.16159657743961126;0.0;0.36691107399190953;0.0;0.0;0.0;0.0;0.30426116324489744;0.0;0.286903525329846;0.0;0.0;0.0;0.0;0.0;0.0;0.0;0.0;0.0;0;1;0;2;0;0;0
0.0;0.0;0.2637202927280416;0.6512266019409575;0.47467798975883335;0.0;0.0;0.0;0.0;0.0;0.0;0.0;0.19066239805346444;0.0;0.43290610697378323;0.0;0.0;0.0;0.0;0.23932504816606265;0.0;0.0;0.0;0.0;0.0;0.0;0.0;0.0;0.0;0.0;0.0;0;0;0;1;0;0;1
0.0;0.7791026166767681;0.0;0.0;0.0;0.0;0.0;0.0;0.0;0.0;0.0;0.0;0.3906218248831246;0.0;0.0;0.0;0.0;0.0;0.0;0.49032000021658384;0.0;0.0;0.0;0.0;0.0;0.0;0.0;0.0;0.0;0.0;0.0;1;0;0;1;0;0;1
0.0;0.0;0.0;0.0;0.0;0.0;0.0;0.7656331733285576;0.0;0.0;0.0;0.0;0.0;0.0;0.0;0.0;0.0;0.0;0.0;0.3430106963926105;0.0;0.0;0.5441962018051019;0.0;0.0;0.0;0.0;0.0;0.0;0.0;0.0;0;1;0;1;1;0;0
0.0;0.0;0.6534717637109655;0.0;0.0;0.0;0.0;0.0;0.0;0.0;0.0;0.0;0.0;0.0;0.0;0.0;0.0;0.0;0.0;0.5930228565557003;0.0;0.0;0.4704237936531245;0.0;0.0;0.0;0.0;0.0;0.0;0.0;0.0;0;0;0;3;0;0;0
0.0;0.0;0.0;0.0;0.0;0.0;0.0;0.0;0.0;0.0;0.0;0.0;0.0;0.0;0.0;0.0;0.0;0.0;0.0;1.0;0.0;0.0;0.0;0.0;0.0;0.0;0.0;0.0;0.0;0.0;0.0;0;0;0;0;3;0;0
0.0;0.0;0.0;0.0;0.0;0.0;0.9155451886034992;0.0;0.0;0.0;0.0;0.0;0.0;0.0;0.0;0.0;0.0;0.0;0.0;0.4022151260519461;0.0;0.0;0.0;0.0;0.0;0.0;0.0;0.0;0.0;0.0;0.0;1;1;0;0;1;0;0
0.0;0.0;0.0;0.0;0.0;0.0;0.0;0.0;0.0;0.0;0.0;0.9028114474003653;0.0;0.0;0.0;0.0;0.0;0.0;0.0;0.4300366152350953;0.0;0.0;0.0;0.0;0.0;0.0;0.0;0.0;0.0;0.0;0.0;0;1;0;0;0;0;0
0.0;0.0;0.0;0.7602200556294324;0.0;0.0;0.0;0.0;0.0;0.0;0.0;0.5865255929100951;0.0;0.0;0.0;0.0;0.0;0.0;0.0;0.2793800205459298;0.0;0.0;0.0;0.0;0.0;0.0;0.0;0.0;0.0;0.0;0.0;0;2;0;1;0;0;0
0.0;0.0;0.0;0.0;0.0;0.0;0.0;0.0;0.0;0.0;0.0;0.0;0.0;0.0;0.0;0.0;0.0;0.0;0.0;1.0;0.0;0.0;0.0;0.0;0.0;0.0;0.0;0.0;0.0;0.0;0.0;0;0;0;0;1;0;0
0.0;0.0;0.5065983665534382;0.0;0.0;0.0;0.0;0.0;0.0;0.0;0.0;0.0;0.0;0.0;0.0;0.0;0.0;0.0;0.0;0.45973587099449825;0.0;0.0;0.7293840030644478;0.0;0.0;0.0;0.0;0.0;0.0;0.0;0.0;0;2;0;0;0;0;0
0.0;0.0;0.0;0.0;0.0;0.0;0.0;0.0;0.0;0.0;0.0;0.537747343445203;0.0;0.0;0.0;0.0;0.0;0.0;0.0;0.25614545328675664;0.0;0.0;0.0;0.0;0.0;0.0;0.0;0.8032541947466871;0.0;0.0;0.0;0;0;0;1;0;0;0
0.0;0.0;0.851856567209011;0.0;0.0;0.0;0.0;0.0;0.0;0.0;0.0;0.0;0.0;0.4868155641054239;0.0;0.0;0.0;0.0;0.0;0.19326405627430468;0.0;0.0;0.0;0.0;0.0;0.0;0.0;0.0;0.0;0.0;0.0;0;1;0;1;0;0;0
0.0;0.0;0.0;0.0;0.0;0.0;0.0;0.0;0.0;0.0;0.0;0.0;0.0;0.0;0.0;0.0;0.0;0.0;0.0;1.0;0.0;0.0;0.0;0.0;0.0;0.0;0.0;0.0;0.0;0.0;0.0;0;0;0;0;1;0;0
0.0;0.0;0.4102431893582536;0.0;0.0;0.0;0.0;0.0;0.0;0.0;0.0;0.0;0.0;0.0;0.0;0.0;0.0;0.0;0.0;0.7445879119678641;0.0;0.5265827256343532;0.0;0.0;0.0;0.0;0.0;0.0;0.0;0.0;0.0;0;0;0;0;1;0;0
0.0;0.0;0.0;0.0;0.0;0.0;0.0;0.0;0.0;0.0;0.0;0.0;0.0;0.0;0.0;0.0;0.0;0.0;0.0;1.0;0.0;0.0;0.0;0.0;0.0;0.0;0.0;0.0;0.0;0.0;0.0;0;0;0;0;1;0;0
0.0;0.0;0.0;0.0;0.0;0.0;0.0;0.0;0.0;0.0;0.0;0.0;0.0;0.0;0.0;0.0;0.0;0.0;0.0;1.0;0.0;0.0;0.0;0.0;0.0;0.0;0.0;0.0;0.0;0.0;0.0;0;1;0;0;0;0;1
0.0;0.0;0.0;0.0;0.0;0.0;0.0;0.0;0.0;0.0;0.0;0.0;0.0;0.0;0.0;0.0;0.0;0.0;0.0;1.0;0.0;0.0;0.0;0.0;0.0;0.0;0.0;0.0;0.0;0.0;0.0;0;0;0;0;1;0;0
0.0;0.0;0.0;0.5718074894560506;0.0;0.0;0.0;0.0;0.0;0.0;0.0;0.4411613772882665;0.0;0.0;0.0;0.0;0.0;0.0;0.0;0.21013861311548782;0.0;0.0;0.0;0.0;0.0;0.0;0.0;0.6589799674261636;0.0;0.0;0.0;0;1;0;1;1;0;0
0.0;0.0;0.0;0.0;0.0;0.0;0.0;0.0;0.0;0.0;0.0;0.0;0.0;0.0;0.0;0.0;0.0;0.0;0.0;1.0;0.0;0.0;0.0;0.0;0.0;0.0;0.0;0.0;0.0;0.0;0.0;0;0;0;0;1;0;0
0.0;0.0;0.2853225378514668;0.35228541736413677;0.0;0.0;0.0;0.0;0.0;0.0;0.0;0.0;0.20628021728142348;0.32610995222173983;0.0;0.0;0.0;0.0;0.0;0.77678698223557;0.0;0.0;0.2053990977492206;0.0;0.0;0.0;0.0;0.0;0.0;0.0;0.0;0;1;0;1;0;0;1
0.0;0.0;0.0;0.0;0.0;0.0;0.0;0.0;0.0;0.0;0.0;0.6824529981775834;0.5179502124462448;0.0;0.0;0.0;0.0;0.0;0.0;0.0;0.0;0.0;0.5157378042235388;0.0;0.0;0.0;0.0;0.0;0.0;0.0;0.0;2;0;0;1;0;0;0
0.0;0.0;0.0;0.26669062814484246;0.0;0.0;0.22309259858348984;0.0;0.0;0.0;0.0;0.0;0.0;0.0;0.0;0.0;0.0;0.0;0.0;0.8820765692367974;0.0;0.27725181291178946;0.1554932781747895;0.0;0.0;0.0;0.0;0.0;0.0;0.0;0.0;0;0;0;3;0;0;0
0.0;0.0;0.0;0.0;0.0;0.0;0.0;0.0;0.0;0.0;0.0;0.0;0.0;0.0;0.0;0.0;0.0;0.0;0.0;1.0;0.0;0.0;0.0;0.0;0.0;0.0;0.0;0.0;0.0;0.0;0.0;0;0;0;0;1;0;0
0.0;0.0;0.0;0.0;0.0;0.0;0.0;0.0;0.0;0.0;0.0;0.0;0.0;0.0;0.0;0.0;0.0;0.0;0.0;1.0;0.0;0.0;0.0;0.0;0.0;0.0;0.0;0.0;0.0;0.0;0.0;0;0;0;0;3;0;0
0.0;0.0;0.0;0.0;0.0;0.0;0.0;0.0;0.0;0.0;0.0;0.0;0.0;0.0;0.0;0.0;0.0;0.0;0.0;1.0;0.0;0.0;0.0;0.0;0.0;0.0;0.0;0.0;0.0;0.0;0.0;0;0;0;0;1;0;0
0.0;0.0;0.0;0.0;0.0;0.0;0.0;0.0;0.0;0.0;0.0;0.0;0.45246348146412646;0.7153029324234487;0.0;0.0;0.0;0.0;0.0;0.2839727329570815;0.0;0.0;0.45053079777598276;0.0;0.0;0.0;0.0;0.0;0.0;0.0;0.0;0;1;0;0;0;0;0
0.0;0.0;0.0;0.0;0.0;0.0;0.0;0.0;0.0;0.0;0.0;0.573349200563198;0.0;0.0;0.0;0.0;0.0;0.0;0.0;0.8193111095387038;0.0;0.0;0.0;0.0;0.0;0.0;0.0;0.0;0.0;0.0;0.0;2;1;0;0;0;0;0
0.0;0.0;0.0;0.0;0.0;0.0;0.0;0.0;0.0;0.0;0.0;0.0;0.6231042589419283;0.0;0.0;0.0;0.0;0.0;0.0;0.7821387872292426;0.0;0.0;0.0;0.0;0.0;0.0;0.0;0.0;0.0;0.0;0.0;0;0;0;0;1;0;0
0.0;0.0;0.7405277433480503;0.0;0.0;0.0;0.0;0.0;0.0;0.0;0.0;0.0;0.0;0.0;0.0;0.0;0.0;0.0;0.0;0.672025789186579;0.0;0.0;0.0;0.0;0.0;0.0;0.0;0.0;0.0;0.0;0.0;0;2;0;0;0;0;1
0.0;0.0;0.4797064514235141;0.0;0.0;0.0;0.4954633731362309;0.0;0.0;0.0;0.0;0.0;0.0;0.0;0.0;0.0;0.0;0.0;0.0;0.21766578598275632;0.0;0.0;0.6906658902505876;0.0;0.0;0.0;0.0;0.0;0.0;0.0;0.0;0;0;0;1;1;0;1
0.0;0.0;0.0;0.0;0.0;0.0;0.0;0.0;0.0;0.0;0.0;0.0;0.0;0.929436191912036;0.0;0.0;0.0;0.0;0.0;0.36898287922890555;0.0;0.0;0.0;0.0;0.0;0.0;0.0;0.0;0.0;0.0;0.0;0;2;0;1;0;0;0
0.0;0.0;0.652850961884527;0.0;0.0;0.0;0.0;0.0;0.0;0.0;0.0;0.0;0.47199299180506094;0.0;0.0;0.0;0.0;0.0;0.0;0.5924594815287842;0.0;0.0;0.0;0.0;0.0;0.0;0.0;0.0;0.0;0.0;0.0;0;0;0;2;0;0;0
0.0;0.0;0.0;0.0;0.0;0.0;0.0;0.0;0.0;0.0;0.0;0.745772269951246;0.0;0.0;0.0;0.0;0.0;0.0;0.0;0.3552340675669392;0.0;0.0;0.5635889269774675;0.0;0.0;0.0;0.0;0.0;0.0;0.0;0.0;0;1;0;0;0;0;0
0.0;0.0;0.0;0.0;0.0;0.0;0.0;0.0;0.0;0.0;0.0;0.37683959490890945;0.0;0.0;0.0;0.0;0.0;0.0;0.0;0.0;0.0;0.0;0.0;0.0;0.0;0.0;0.0;0.0;0.9262785324668218;0.0;0.0;1;0;0;1;0;0;0
0.0;0.0;0.4751008849689171;0.0;0.0;0.0;0.0;0.0;0.0;0.0;0.0;0.0;0.0;0.0;0.0;0.0;0.0;0.0;0.0;0.0;0.0;0.0;0.0;0.0;0.0;0.0;0.0;0.0;0.0;0.8799313320377631;0.0;0;1;0;2;0;0;0
0.5550952467043124;0.0;0.0;0.0;0.0;0.0;0.0;0.0;0.0;0.0;0.0;0.2855030803090146;0.0;0.0;0.0;0.0;0.0;0.0;0.0;0.679969104561182;0.0;0.38470673903976166;0.0;0.0;0.0;0.0;0.0;0.0;0.0;0.0;0.0;1;1;0;0;0;0;0
0.0;0.0;0.0;0.0;0.0;0.0;0.0;0.0;0.0;0.0;0.0;0.0;0.0;0.0;0.0;0.0;0.0;0.0;0.0;0.23086708737962985;0.0;0.0;0.0;0.0;0.0;0.0;0.0;0.0;0.0;0.0;0.9729852968903725;1;1;0;0;1;0;0
0.0;0.0;0.0;0.0;0.0;0.0;0.0;0.0;0.0;0.0;0.0;0.0;0.5294729881523131;0.0;0.0;0.0;0.0;0.0;0.0;0.6646100630531694;0.0;0.0;0.5272113607515705;0.0;0.0;0.0;0.0;0.0;0.0;0.0;0.0;1;1;0;0;0;0;1
0.0;0.0;0.0;0.0;0.0;0.0;0.0;0.5280811086901482;0.0;0.0;0.0;0.0;0.3769592842976219;0.5959377773202935;0.0;0.0;0.0;0.0;0.0;0.4731703775480421;0.0;0.0;0.0;0.0;0.0;0.0;0.0;0.0;0.0;0.0;0.0;0;1;0;0;0;0;0
0.0;0.0;0.0;0.0;0.0;0.0;0.0;0.0;0.0;0.7693644347797066;0.0;0.576725086989019;0.0;0.0;0.0;0.0;0.0;0.0;0.0;0.27471174080044486;0.0;0.0;0.0;0.0;0.0;0.0;0.0;0.0;0.0;0.0;0.0;0;1;0;1;0;0;1
0.0;0.0;0.0;0.0;0.0;0.0;0.48341124644888295;0.23701642744114396;0.0;0.0;0.0;0.0;0.1691890533191112;0.2674722512002388;0.38415007449144695;0.0;0.0;0.0;0.0;0.318556611698122;0.0;0.6007668802591077;0.0;0.0;0.0;0.0;0.0;0.0;0.0;0.0;0.0;1;2;0;0;0;0;0
0.0;0.0;0.0;0.0;0.0;0.0;0.0;0.8299962739810426;0.0;0.0;0.0;0.0;0.0;0.0;0.0;0.0;0.0;0.0;0.0;0.5577689352927303;0.0;0.0;0.0;0.0;0.0;0.0;0.0;0.0;0.0;0.0;0.0;1;0;0;1;1;0;0
0.0;0.0;0.0;0.0;0.0;0.0;0.0;0.0;0.0;0.0;0.0;0.4981820018216771;0.0;0.0;0.0;0.0;0.0;0.0;0.0;0.23729927489436417;0.0;0.0;0.3764820323294144;0.0;0.0;0.0;0.0;0.7441538997604388;0.0;0.0;0.0;0;1;0;0;0;1;1
0.0;0.0;0.0;0.0;0.0;0.0;0.0;0.0;0.0;0.0;0.0;0.0;0.0;0.0;0.0;0.0;0.0;0.0;0.0;1.0;0.0;0.0;0.0;0.0;0.0;0.0;0.0;0.0;0.0;0.0;0.0;0;1;1;0;0;0;0
0.0;0.0;0.0;0.0;0.0;0.0;0.0;0.0;0.0;0.0;0.0;0.0;0.5519519247424018;0.0;0.0;0.0;0.0;0.0;0.0;0.34641314260949535;0.0;0.0;0.2747971396315874;0.0;0.0;0.0;0.0;0.0;0.0;0.7069890660051747;0.0;0;1;0;0;0;0;1
0.0;0.0;1.0;0.0;0.0;0.0;0.0;0.0;0.0;0.0;0.0;0.0;0.0;0.0;0.0;0.0;0.0;0.0;0.0;0.0;0.0;0.0;0.0;0.0;0.0;0.0;0.0;0.0;0.0;0.0;0.0;0;2;0;0;1;0;0
0.0;0.0;0.0;0.4018497604013604;0.0;0.0;0.0;0.32963461822939577;0.0;0.0;0.0;0.3100354525441205;0.23530254675400963;0.0;0.0;0.0;0.0;0.0;0.0;0.5907173507773607;0.0;0.41776336635622424;0.23429745924414347;0.0;0.0;0.0;0.0;0.0;0.0;0.0;0.0;0;2;0;1;0;0;0
0.0;0.0;0.0;0.0;0.0;0.0;0.0;0.0;0.0;0.0;0.0;0.0;0.5519519247424018;0.0;0.0;0.0;0.0;0.0;0.0;0.34641314260949535;0.0;0.0;0.2747971396315874;0.0;0.0;0.0;0.0;0.0;0.0;0.7069890660051747;0.0;0;1;0;0;0;0;1
0.0;0.5938459625642596;0.0;0.0;0.0;0.0;0.0;0.0;0.0;0.0;0.0;0.0;0.29773894815779506;0.0;0.0;0.0;0.0;0.0;0.0;0.7474613645507158;0.0;0.0;0.0;0.0;0.0;0.0;0.0;0.0;0.0;0.0;0.0;0;0;0;1;1;1;0
0.0;0.0;0.0;0.7602200556294324;0.0;0.0;0.0;0.0;0.0;0.0;0.0;0.5865255929100951;0.0;0.0;0.0;0.0;0.0;0.0;0.0;0.2793800205459298;0.0;0.0;0.0;0.0;0.0;0.0;0.0;0.0;0.0;0.0;0.0;0;1;0;1;1;0;0
0.0;0.0;0.0;0.9195718388976243;0.0;0.0;0.0;0.0;0.0;0.0;0.0;0.3547344048864199;0.0;0.0;0.0;0.0;0.0;0.0;0.0;0.16897081137379708;0.0;0.0;0.0;0.0;0.0;0.0;0.0;0.0;0.0;0.0;0.0;0;2;0;0;0;0;2
0.0;0.0;0.0;0.0;0.0;0.0;0.0;0.0;0.0;0.0;0.0;0.9028114474003653;0.0;0.0;0.0;0.0;0.0;0.0;0.0;0.4300366152350953;0.0;0.0;0.0;0.0;0.0;0.0;0.0;0.0;0.0;0.0;0.0;0;1;0;1;0;0;0
0.0;0.0;0.2653686369770093;0.6552969964220949;0.0;0.0;0.0;0.0;0.0;0.0;0.0;0.0;0.0;0.0;0.0;0.0;0.0;0.0;0.0;0.0;0.0;0.3406236685508924;0.0;0.0;0.0;0.0;0.0;0.377598755979468;0.0;0.4914875673858242;0.0;0;1;0;0;0;0;0
0.0;0.0;0.0;0.0;0.0;0.0;0.0;0.0;0.0;0.8309116072762093;0.0;0.0;0.0;0.0;0.0;0.0;0.0;0.0;0.0;0.29668797226310756;0.0;0.0;0.4707038856946818;0.0;0.0;0.0;0.0;0.0;0.0;0.0;0.0;0;1;0;0;0;0;0
0.0;0.0;0.0;0.0;0.0;0.5326690133945898;0.25201233682568336;0.0;0.0;0.31006682430077764;0.0;0.23242992284726244;0.0;0.0;0.0;0.0;0.0;0.0;0.0;0.33214037412265524;0.0;0.0;0.5269501271085387;0.0;0.0;0.0;0.33851844131169045;0.0;0.0;0.0;0.0;0;0;0;1;0;0;0
